dataset,status,n_features,beam_size,attempt,refinement_type,r2,rmse,complexity,seconds,error,noise_strength,expr
1027_ESL,ok,4,60,2,BeamBFGS,0.8905535215655095,,27.0,28.014,,0.01,(0.9427037841847731 add (((0.31358812075292897 mul (x_1 mul x_2)) sub ((5.9294717220869995 mul x_1) add (1.5122482690735712 mul x_0))) mul (((-0.021458440130055895 mul x_3) sub (0.01935526475437608 mul x_2)) sub (-0.015379124993526887 mul x_1))))
1028_SWD,ok,10,30,1,BeamBFGS,0.31183641106996407,,40.0,10.090,,0.01,(3.0448650296155804 add ((0.4446764349325316 mul x_8) add (-4.923929958407203 mul (((((-5.988246790779788 mul x_0) sub (2.977098161956782 mul x_1)) add (4.947191328636532 mul x_7)) mul exp(((-1.2109279665962294 mul x_2) add (-0.8777710329064836 mul x_6)))) mul (((-0.016461513733700733 mul x_3) add (-0.17763765807821935 mul x_5)) sub (-0.03517966537424286 mul x_4))))))
1029_LEV,ok,4,120,3,BeamBFGS,0.6153238226383635,,34.0,50.514,,0.01,(-13.27375568132749 add ((((0.43305748040796205 mul x_1) add (0.6527290852685236 mul x_2)) sub (-32275.357334354765 mul inv((2061.644072468436 add (77.91032648500996 mul x_2))))) sub (-19477.76033332261 mul (inv((4584.286475429677 add (491.82718624582145 mul x_3))) mul cos((83.91447764941934 add (-0.0816331666762505 mul x_0)))))))
1030_ERA,ok,4,480,5,BeamBFGS,0.3573983312036554,,27.0,224.524,,0.01,(2.894865526394407 add ((0.7628254033162897 mul arctan((-24.715327206273212 add (2.802949318382111 mul x_1)))) sub (((-0.1549654248382905 mul x_0) sub (0.028060014597122814 mul x_2)) sub (-4.928971134810891 mul cos((1.6343325935799304 add (-72.25361511727428 mul x_3)))))))
1089_USCrime,skipped_too_many_features,13,,,,,,,0.000,Dataset has 13 features but checkpoint supports <= 10 features,0.01,
1096_FacultySalaries,ok,4,480,5,BeamBFGS,0.9469753638214432,,36.0,226.560,,0.01,(1.1967273221265342 add (((0.3177466988639244 mul ((-0.4531271232554074 add (0.49680993529904355 mul (sin((12.012663066821435 add (1.038959226038413 mul x_3))) mul ((-118.05846210684484 mul ((0.5704889556647854 add (-0.003371823390150113 mul x_0)))**3) sub (-0.407965897267153 mul x_1))))))**3) add (-0.6922860554509397 mul x_2)) add (1.6025312773282976 mul x_1)))
1191_BNG_pbc,skipped_too_many_features,18,,,,,,,0.000,Dataset has 18 features but checkpoint supports <= 10 features,0.01,
1193_BNG_lowbwt,ok,9,480,5,BeamBFGS,0.6515730117757194,,62.0,336.895,,0.01,(2723.6903955418225 add (((-253.60351223292267 mul x_5) add ((-252.15274708760754 mul x_6) sub (-289.7035098094443 mul x_7))) sub (((0.11281805581459797 mul ((((-0.22683372806594046 mul ((31.87289157063741 add (1.4054303559051888 mul x_3)))**2) add (2.2456907298489264 mul x_8)) mul inv((-0.04067399810744439 add (0.312525181255644 mul x_0)))) mul ((0.7577663545336796 mul x_4) sub ((9.849564642130652 mul x_0) sub (-0.23126268787387647 mul x_3))))) add (-48.58810393805543 mul (x_1 mul arctan((0.09500266704809529 add (0.19635535826762474 mul x_5)))))) sub (1.5528862487532038 mul x_2))))
1196_BNG_pharynx,ok,10,120,3,BeamBFGS,0.5016098818875722,,48.0,74.558,,0.01,(265.36674211843746 add (((-0.907444026544963 add (0.10798480449581595 mul x_5)))**3 mul (((-32.58249778933791 mul x_6) add ((9.52839207873477 mul x_3) add ((10.618382216709783 mul x_2) add (15.983251060029717 mul x_8)))) add (((((-885.884085369191 mul x_9) sub (4.799537959795983 mul x_4)) add ((-7.4060558041783215 mul x_0) sub (-132.4665611210136 mul x_7))) add (-64.68254678362938 mul x_6)) sub (-11.324126491044842 mul x_1)))))
1199_BNG_echoMonths,ok,9,480,5,BeamBFGS,0.41925416568215335,,48.0,326.681,,0.01,(44.65620268346186 add (((-6.017570688935509 mul x_8) sub ((-0.14599078219553902 mul x_6) sub (0.037487369088800106 mul (x_7 mul (((-3.429863401501366 mul x_4) add (96.50396524209322 mul x_5)) add (-1.0703528030347789 mul abs(((8.226058419027611 mul x_1) sub (16.291029342635518 mul x_7))))))))) add ((-6.1254396599417165 mul x_5) add ((-12.787406276796837 mul x_0) add ((0.26402170633907446 mul x_1) add (-4.6505446196665625 mul x_2))))))
1201_BNG_breastTumor,ok,9,480,5,BeamBFGS,0.1547190632726515,,40.0,307.051,,0.01,(25.751696669848315 add (arctan((-132.90917822325585 add (133.88006537168542 mul x_8))) mul (((0.013769439379638794 mul (x_2 mul ((14.224132782366697 mul x_1) sub (22.49999225116399 mul x_6)))) sub ((-0.9875364847124163 mul x_4) sub ((0.9974527021807976 mul x_6) add (-0.037507609231353156 mul ((x_3 mul x_0) mul x_7))))) sub (0.3181429235717919 mul x_5))))
1203_BNG_pwLinear,ok,10,480,5,BeamBFGS,0.5177372234265629,,44.0,344.993,,0.01,(-0.5927274038224264 add ((0.5190009265207329 mul x_5) add ((1.511346492950679 mul x_4) add ((-2.447295143622059 mul x_0) sub (((-0.5728951909050047 mul x_2) add (1.9436105871018963 mul (((8.861771618064331 mul (x_6 mul (x_3 mul inv((21.817648296861453 add (5.509958227753834 mul x_8)))))) add (-0.028834415874021174 mul (x_1 mul x_3))) mul x_9))) add (-0.2726929116237087 mul x_7))))))
192_vineyard,ok,2,120,3,BeamBFGS,0.7797810456235701,,39.0,46.961,,0.01,(0.5173827104406001 add ((24.60797587707787 mul arctan((-0.1833911505557214 add (0.19953340413576984 mul x_1)))) add (-0.13163988805029217 mul (((-2.735522521555027 mul cos(((19.007194695946463 mul x_1) add (-12.303373729732073 mul inv((-70.04097590249532 add (76.1769932910257 mul x_0))))))) add (-89.13148735056511 mul inv((-6.227760101585111 add (-2.8833657448918215 mul x_0))))) mul x_1))))
197_cpu_act,skipped_too_many_features,21,,,,,,,0.000,Dataset has 21 features but checkpoint supports <= 10 features,0.01,
201_pol,skipped_too_many_features,48,,,,,,,0.000,Dataset has 48 features but checkpoint supports <= 10 features,0.01,
210_cloud,ok,5,480,5,BeamBFGS,0.9120233508451712,,34.0,238.319,,0.01,(-0.05219898645134329 add ((0.47548305316212625 mul x_3) add ((-2.1949485128778e-07 mul (arctan((-154.74971596618013 add (77.53562898745561 mul x_1))) mul (((66.56413225847554 mul x_3) sub (-887.0007436768931 mul (x_4 mul inv((-21.723271059604258 add (2.7381540802020448 mul x_0)))))))**3)) sub (-0.49455046898214367 mul x_2))))
215_2dplanes,ok,10,480,5,BeamBFGS,0.6828776429768291,,53.0,297.552,,0.01,(-0.15418290480832758 add (((0.2224993000550325 mul x_9) sub (((((((-2.8800063185827094 mul x_0) sub (0.7327880998589436 mul x_5)) sub (-0.8277394520782732 mul x_7)) sub (0.20181588047622553 mul x_8)) sub (-5.3091782039761775 mul (x_4 mul ((0.06060638203928076 mul x_9) add (-0.02303579067744536 mul x_6))))) sub (0.9522605479217261 mul x_7)) sub (1.8304928366983586 mul x_1))) add (((0.8572177861172319 mul x_3) sub (0.00018411952377485062 mul x_8)) sub (-1.1884288597840058 mul x_2))))
218_house_8L,ok,8,240,4,BeamBFGS,0.6963261699397725,,61.0,151.303,,0.01,(-186891.1536853864 add (((129.49679775999877 mul ((25.190197914049538 add (-0.05820667442861779 mul (x_5 mul ((-9.417068912596184 mul (inv((15.686790835094087 add (0.021213185041311866 mul x_0))) mul ((83415.84267022718 mul x_1) sub ((4421.060968284048 mul x_3) add (-54.49204870742685 mul abs((-52.50703821824835 add (150.70201487425695 mul x_2)))))))) add ((-393.65734876338206 mul x_7) sub ((-0.015814677154161006 mul ((-27.910982515100812 add (173.0950002725508 mul x_4)))**2) sub (195.42414139491518 mul x_3))))))))**2) sub (-25489.915438132266 mul x_6)) add (119147.92748549873 mul x_5)))
225_puma8NH,ok,8,480,5,BeamBFGS,0.45353461163477793,,38.0,302.707,,0.01,(5.832153243976141 add ((((-0.7643450239559534 mul abs((-4.777478317537114 add (5.467165570093333 mul x_1)))) sub (-0.3826101833736441 mul x_7)) add (((-0.6608497753739 mul x_5) add ((-0.024547609007435828 mul x_3) sub ((0.48967275430841717 mul x_0) sub (-0.11618008044099563 mul x_4)))) add (-0.9461579634133892 mul x_6))) add (1.570809311829879 mul x_2)))
227_cpu_small,skipped_too_many_features,12,,,,,,,0.000,Dataset has 12 features but checkpoint supports <= 10 features,0.01,
228_elusage,ok,2,240,4,BeamBFGS,0.8597346823576392,,26.0,96.059,,0.01,(-27.51036661677972 add ((-13.644826565050877 mul (tan((-220.3158588903754 add (7.0977094598954915 mul x_0))) mul exp((-195.981217788812 add (17.372288452900207 mul x_1))))) add (71.64361335470282 mul inv((0.05533427739805725 add (0.01956717188046468 mul x_0))))))
229_pwLinear,ok,10,120,3,BeamBFGS,0.7285774510631119,,49.0,72.490,,0.01,(-0.26910722573962675 add ((0.0354623844042524 mul ((x_5 mul x_6) mul (((-13.337508733870663 mul x_4) add (-3.4677283534827814 mul x_1)) sub (18.095394378309297 mul x_2)))) sub (((-1.329714176034888 mul x_1) sub ((-2.506979110694959 mul x_0) add ((((0.5969921720652754 mul x_3) add (2.136750268790678 mul x_4)) sub (-0.06340669551074703 mul (x_7 mul x_8))) add (1.3913109911611865 mul x_5)))) add (-0.16687171449608498 mul x_9))))
230_machine_cpu,ok,6,60,2,BeamBFGS,0.9325443194464725,,45.0,38.827,,0.01,(4.596800807263121 add ((0.010811907625378593 mul x_1) sub (((-38178701.341716394 mul inv((-53963.447180114636 add (40403.275607056145 mul x_0)))) sub (3.02562259062348 mul x_4)) add (-0.45855232078263225 mul ((((8.281535772191948e-05 mul x_3) sub (6555114.611400849 mul inv((((-112936395.54126498 mul x_0) sub (-9300049.524097985 mul x_5)) add (22323.783769184105 mul x_2))))) add (1.0355436734266983e-05 mul x_0)) mul x_2)))))
344_mv,ok,10,60,2,BeamBFGS,0.9755019191906591,,36.0,25.173,,0.01,(-0.6996634905197533 add ((((10.950543954243122 mul x_0) add (-0.45748612500805586 mul x_1)) add (-6.053307029069442e-07 mul exp((19.853440339095886 add (-36.05162330342241 mul x_7))))) mul ((-0.0037754542703856745 mul x_5) sub ((0.0004186689015503271 mul x_3) sub (-1.2662164348451044e-05 mul (x_6 mul (x_4 mul (x_8 mul x_2))))))))
485_analcatdata_vehicle,ok,4,120,3,BeamBFGS,0.7653749297829189,,54.0,51.059,,0.01,(634.1431500103957 add ((-88.61359409245823 mul sin(((-38.91577736142383 mul x_3) add ((-4.79577736194891 mul x_3) sub (82.81577736176627 mul x_3))))) add (((0.34742091068197717 mul (((0.5438024113579857 mul (((481.8537500584729 mul x_2) sub (365.1774725946899 mul x_0)) mul x_3)) add (2.809062644835998 mul inv((-0.002518684664692865 add (-0.0020003333091003508 mul x_0))))) mul x_2)) add (-14.686438712171453 mul ((-2.2111240538592294 add (7.986079673913764 mul x_0)))**2)) sub (-115.79384062027745 mul x_1))))
505_tecator,skipped_too_many_features,124,,,,,,,0.000,Dataset has 124 features but checkpoint supports <= 10 features,0.01,
519_vinnie,ok,2,480,5,BeamBFGS,0.7740141756582855,,28.0,220.621,,0.01,(13.096905105584906 add ((68.20850468650514 mul (inv((-162.6492671652123 add (0.07564824644841589 mul (x_0 mul x_1)))) mul ((5.958981796999301 add (-0.23906061804425885 mul x_1)))**2)) sub (-0.26079609467114767 mul cos((95.82941205522921 add (-1.5868322745607522 mul x_0))))))
522_pm10,ok,7,120,3,BeamBFGS,0.245808386259304,,34.0,50.151,,0.01,(1.4790822814108184 add (((-0.17591937172415528 mul x_2) sub ((-0.04634311804308728 mul x_3) sub ((0.33233718788520095 mul x_0) add (0.0014633613340115197 mul (x_2 mul (x_1 mul x_2)))))) add (740794.8266054266 mul (x_1 mul inv((-532420.1908625942 add (-370313.4174715783 mul (x_4 mul x_5))))))))
523_analcatdata_neavote,ok,2,30,1,BeamBFGS,0.9540773546124395,,21.0,8.852,,0.01,(9.655221107828705 add (inv((-15.792565364962567 add (72.28610604495921 mul x_0))) mul ((-88.06063866588705 mul sin((-35.19560109606771 add (-3.081192907521691 mul x_1)))) add (-485.75080200774204 mul x_0))))
527_analcatdata_election2000,skipped_too_many_features,14,,,,,,,0.000,Dataset has 14 features but checkpoint supports <= 10 features,0.01,
529_pollen,ok,4,60,2,BeamBFGS,0.8323246744541315,,26.0,30.378,,0.01,(0.02995693652752882 add ((((-0.030934161920265487 mul x_2) sub ((0.3541325832636401 mul x_3) add (-0.16274225635005016 mul inv((-0.7415232585438744 add (-2.0964441864993746 mul x_0)))))) add (-0.8212968976534105 mul x_0)) sub (-0.2617069304164073 mul x_1)))
537_houses,ok,8,120,3,BeamBFGS,0.6838530388663129,,59.0,65.808,,0.01,(33588533.420901276 add ((-25345.294820048457 mul x_7) add (((((-155.97301135123143 mul ((751.2052499447567 add (-0.2233216706599811 mul x_0)))**2) sub (-24.906551101985244 mul x_5)) sub ((66.35494108175314 mul ((-1190.5104096710556 add (0.007584989199001704 mul x_1)))**2) sub (((3.709728331933623 mul ((5114.401122174397 add (-1.6704745910827934e-05 mul (x_6 mul x_3))))**2) sub (23669.28719511276 mul x_6)) add (118.37779416525731 mul ((644.7468697155365 add (-0.0002489057240948609 mul x_4)))**2)))) add (231.86950906266233 mul x_3)) add (-19.965536741390615 mul x_2))))
542_pollution,skipped_too_many_features,15,,,,,,,0.000,Dataset has 15 features but checkpoint supports <= 10 features,0.01,
547_no2,ok,7,120,3,BeamBFGS,0.4705280983286909,,30.0,48.647,,0.01,(0.5961516680648964 add ((-4.789423241299689 mul (inv((-51.04881635470585 add (-0.4208529419237048 mul x_5))) mul (((-1.4529519550977026 mul x_2) add ((-0.15489216073115575 mul x_1) sub (-5.942559780223491 mul x_0))) sub (-2.250178640917622 mul x_3)))) add (-0.0001800565159512548 mul x_4)))
556_analcatdata_apnea2,all_attempts_failed,3,,5,,,,,212.186,All retry attempts failed,0.01,
557_analcatdata_apnea1,all_attempts_failed,3,,5,,,,,203.100,All retry attempts failed,0.01,
560_bodyfat,skipped_too_many_features,14,,,,,,,0.000,Dataset has 14 features but checkpoint supports <= 10 features,0.01,
561_cpu,ok,7,30,1,BeamBFGS,0.9666665350121028,,27.0,17.560,,0.01,(-0.6305885168482448 add (((0.4786716982617491 mul x_5) sub (-4.988060282310577e-08 mul (((441247.3600766731 mul x_4) add (-21719.941071202484 mul x_1)) mul x_0))) add ((0.00041878547547039463 mul (x_6 mul x_2)) sub (-0.004984747174547134 mul x_3))))
562_cpu_small,skipped_too_many_features,12,,,,,,,0.000,Dataset has 12 features but checkpoint supports <= 10 features,0.01,
564_fried,ok,10,240,4,BeamBFGS,0.7736951839953766,,56.0,147.717,,0.01,(-102.0591913967381 add ((6.5188358711108485 mul x_0) add ((((((-0.37422518401233756 mul x_8) sub (-199.63640265819186 mul exp((-3.715206284788238 add (-9.892090734836561 mul x_2))))) add (10.149056660486238 mul x_3)) sub ((-2.6136869584359856 mul x_4) sub (2.4086869571874576 mul x_4))) sub (-0.00387330652148189 mul x_7)) add (-0.0034875154098685857 mul (((-0.48162885141988154 mul x_1) sub (4.265511187381256 mul exp((0.6224617984542284 add (0.009328621745833722 mul x_6))))) mul inv((0.00027116614252304565 add (3.163505843907708e-06 mul x_5))))))))
573_cpu_act,skipped_too_many_features,21,,,,,,,0.000,Dataset has 21 features but checkpoint supports <= 10 features,0.01,
574_house_16H,skipped_too_many_features,16,,,,,,,0.000,Dataset has 16 features but checkpoint supports <= 10 features,0.01,
579_fri_c0_250_5,ok,5,60,2,BeamBFGS,0.8103915761276808,,31.0,31.422,,0.01,(-1206.166333590429 add ((((0.4873742849311077 mul arctan((2.977519632520619 add (2.9937463386154994 mul x_1)))) sub ((-0.589799641616748 mul x_3) sub (0.3567653410045374 mul x_4))) sub (-1206.2307085974182 mul cos((62.81547822101147 add (0.02063259011939128 mul x_0))))) add (0.007281634842421116 mul x_2)))
581_fri_c3_500_25,skipped_too_many_features,25,,,,,,,0.000,Dataset has 25 features but checkpoint supports <= 10 features,0.01,
582_fri_c1_500_25,skipped_too_many_features,25,,,,,,,0.000,Dataset has 25 features but checkpoint supports <= 10 features,0.01,
583_fri_c1_1000_50,skipped_too_many_features,50,,,,,,,0.000,Dataset has 50 features but checkpoint supports <= 10 features,0.01,
584_fri_c4_500_25,skipped_too_many_features,25,,,,,,,0.000,Dataset has 25 features but checkpoint supports <= 10 features,0.01,
586_fri_c3_1000_25,skipped_too_many_features,25,,,,,,,0.000,Dataset has 25 features but checkpoint supports <= 10 features,0.01,
588_fri_c4_1000_100,skipped_too_many_features,100,,,,,,,0.000,Dataset has 100 features but checkpoint supports <= 10 features,0.01,
589_fri_c2_1000_25,skipped_too_many_features,25,,,,,,,0.000,Dataset has 25 features but checkpoint supports <= 10 features,0.01,
590_fri_c0_1000_50,skipped_too_many_features,50,,,,,,,0.000,Dataset has 50 features but checkpoint supports <= 10 features,0.01,
591_fri_c1_100_10,ok,10,480,5,BeamBFGS,0.7486271715318193,,52.0,311.337,,0.01,(0.13335616918640536 add (arctan((-0.10255077226631713 add (5.318367182430576e-05 mul x_9))) mul (((((-1.592642705253576 mul x_4) add (-2.5621179978064883 mul x_3)) sub (0.6088166843708376 mul inv((((49.2867180190379 mul x_5) add (7.550289244540182 mul x_7)) sub (2.0650359628130466 mul x_0))))) add (0.44193348265954474 mul x_8)) add ((0.06616707923034407 mul x_6) sub ((-1.0810325670977552 mul x_2) add (-10.476355498177304 mul cos((-1.5323715664728295 add (1.9543627934432348 mul x_1)))))))))
592_fri_c4_1000_25,skipped_too_many_features,25,,,,,,,0.000,Dataset has 25 features but checkpoint supports <= 10 features,0.01,
593_fri_c1_1000_10,ok,10,240,4,BeamBFGS,0.4733251281099785,,36.0,148.142,,0.01,(-0.043554245393724926 add ((-0.9869510368449175 mul sin(((2.0507341625776245 mul x_0) sub (0.04802470855679786 mul x_6)))) add (-59.92773090399437 mul (x_3 mul ((-0.0005463633873511874 mul x_8) sub (8.798581154445747e-06 mul ((((112.3060037281789 mul x_7) add (-86.88250876452253 mul x_4)) sub (30.780689847595458 mul x_2)) mul x_1)))))))
594_fri_c2_100_5,ok,5,240,4,BeamBFGS,0.6629746401259662,,36.0,117.689,,0.01,(-0.207034755820972 add ((0.12519597191111984 mul sin((1.3509890849178263 add (51.889480679012536 mul x_1)))) add ((-570.3610786974954 mul sin((((-0.0002748392452595114 mul (x_2 mul x_2)) add (-0.00040532496442703626 mul x_3)) add (-0.000388617260937318 mul x_4)))) add (1.1261075955761728 mul cos((7.442743762062121 add (1.9925118938164135 mul x_0)))))))
595_fri_c0_1000_10,ok,10,240,4,BeamBFGS,0.7659221811474651,,44.0,135.980,,0.01,(0.022431697095377456 add ((0.003944539820108678 mul x_2) sub ((-0.31063201409244434 mul x_4) sub ((-0.0013143697967742578 mul x_8) add ((0.3945851637573364 mul x_1) sub ((-0.17125977705073547 mul (x_9 mul sin((13.468612655754098 add (36.958116196631835 mul x_5))))) sub (((-0.020976832092884607 mul x_7) sub ((-0.5664855252701229 mul x_3) sub (0.42171645184340556 mul x_0))) add (0.007642736929728725 mul x_6))))))))
596_fri_c2_250_5,ok,5,30,1,BeamBFGS,0.6774090556304568,,38.0,7.057,,0.01,(0.028525488496485844 add ((((0.351244873025434 mul x_3) add (-0.1846592174774019 mul sin(((5.583140238129836 mul sin((-60.66440893246717 add (0.9719297286462184 mul x_2)))) sub (5.036980669983945 mul x_2))))) sub ((-0.2025067674492554 mul x_4) sub (0.1352327293213549 mul x_0))) add (-1.1983981047759529 mul sin((40.63344210083571 add (-2.0731003409599325 mul x_1))))))
597_fri_c2_500_5,ok,5,60,2,BeamBFGS,0.8249949482182412,,34.0,24.441,,0.01,(-0.3367523334119206 add (((0.14566135653667311 mul x_2) add (-1.3770946579334205 mul cos(((3.0326348100241565 mul sin((5.454238704525684 add (0.6969115611985436 mul x_1)))) sub (-12.05580096371191 mul (cos((1.492700719978138 add (0.0014966119499080861 mul (x_3 mul x_4)))) mul x_0)))))) sub (-0.195199793334724 mul x_4)))
598_fri_c0_1000_25,skipped_too_many_features,25,,,,,,,0.000,Dataset has 25 features but checkpoint supports <= 10 features,0.01,
599_fri_c2_1000_5,ok,5,60,2,BeamBFGS,0.7489682202208616,,41.0,28.781,,0.01,(-8.098074965310778 add (((0.35803229024625827 mul (sin((7.620374814098922 add (1.668237974350083 mul x_0))) mul ((0.7595389780397281 mul x_4) sub ((0.5144610219640695 mul x_4) add (4.020973404140127 mul x_1))))) sub (-0.025364073650267476 mul ((2.1823763285262925 mul x_2) sub (-9.873045652875529 mul ((-5.7459740145099305 add (0.33064672685868596 mul x_0)))**2)))) add (0.24736571849746586 mul x_3)))
601_fri_c1_250_5,ok,5,120,3,BeamBFGS,0.7005573788597715,,28.0,62.898,,0.01,(0.08466677900572209 add ((((0.5296851221221954 mul x_1) sub ((-0.37556441288412196 mul x_3) sub ((0.8601337989395444 mul cos((-93.36178622237821 add (2.7628865866487917 mul x_1)))) add (0.22344759681643775 mul x_4)))) sub (-0.05780553677541002 mul x_0)) sub x_1))
602_fri_c3_250_10,ok,10,480,5,BeamBFGS,0.7301264274716789,,54.0,356.032,,0.01,(139.61899323762333 add ((((-0.6825316464185325 mul x_2) add (((0.016831424506717294 mul (x_5 mul x_6)) add (0.002159249852525565 mul x_7)) add ((0.014013102909870017 mul x_8) add (0.9696842305419783 mul sin((0.32556906871695385 add (-19.64611253131331 mul (exp((-2.079418385211195 add (0.003725676145160655 mul (x_9 mul x_9)))) mul x_1)))))))) add ((-90.0952110861202 mul arctan((47.284813934433146 add (6.274790473853298 mul x_0)))) sub (-0.9368790982608288 mul x_4))) sub (-0.36444591908871643 mul x_3)))
603_fri_c0_250_50,skipped_too_many_features,50,,,,,,,0.000,Dataset has 50 features but checkpoint supports <= 10 features,0.01,
604_fri_c4_500_10,ok,10,120,3,BeamBFGS,0.5702531966374413,,52.0,71.739,,0.01,(0.07510929257713293 add (((-0.019488251985283707 mul x_8) sub (-2.1655501865212363 mul (sin((0.008416419830814127 add (0.003461285735389471 mul x_8))) mul ((x_6 mul (((-22.618938795356044 mul x_2) add (31.374526288305386 mul x_4)) add (((16.681482234225545 mul cos((-23.37060757370677 add (-1.0114803604341105 mul x_3)))) add (-2.2383550474222105 mul x_7)) add (-7.344507159660463 mul x_0)))) mul x_5)))) add (0.8771896511383135 mul sin((2.8259120464017604 add (2.5283973974474625 mul x_1))))))
605_fri_c2_250_25,skipped_too_many_features,25,,,,,,,0.000,Dataset has 25 features but checkpoint supports <= 10 features,0.01,
606_fri_c2_1000_10,ok,10,240,4,BeamBFGS,0.6775630770913258,,54.0,141.117,,0.01,(-0.037333653036504315 add ((-0.03910956294853931 mul x_8) sub (((6.558415021966765 mul (inv((93.7062711009107 add (-40.91428485926904 mul x_1))) mul x_7)) sub (0.454708502140578 mul x_3)) add ((((0.03349780259318891 mul x_5) sub (0.07844117062218407 mul x_0)) add ((-0.03140866321544057 mul x_9) sub (-0.9940010874089451 mul cos((1.8266371796457699 add (-2.1637561078309853 mul x_1)))))) sub (-0.5802670097469235 mul (x_2 mul log((1.822747733064821 add (-0.028487311441348587 mul (x_4 mul x_6))))))))))
607_fri_c4_1000_50,skipped_too_many_features,50,,,,,,,0.000,Dataset has 50 features but checkpoint supports <= 10 features,0.01,
608_fri_c3_1000_10,ok,10,240,4,BeamBFGS,0.4039066044857593,,44.0,154.133,,0.01,(-0.12920183958447048 add ((-0.08481234943760589 mul x_7) add ((1.3437207706743601 mul (x_0 mul sin((73.88424277756978 add (1.1871187259896343 mul x_1))))) add (-0.3161193717006317 mul (((x_9 mul (x_8 mul x_2)) mul x_4) mul sin((((-0.3888774679765808 mul x_3) add (9.481154408122896 mul ((-4.273079107992671 add (0.8895988186557591 mul x_6)))**2)) sub (6.956890732688389 mul x_5))))))))
609_fri_c0_1000_5,ok,5,240,4,BeamBFGS,0.800636558490105,,33.0,117.618,,0.01,(-0.32717427281888395 add ((0.5372943281983114 mul x_3) sub ((-0.28352243136970107 mul x_4) add (((-0.005209802542386196 mul (((-44.69362510634379 mul inv((78.32409974884513 add (-0.14429738877374865 mul x_2)))) add (7.86238796440845 mul x_2)))**2) add (-0.3897210312915786 mul x_1)) add (-0.41491807604977243 mul x_0)))))
611_fri_c3_100_5,ok,5,480,5,BeamBFGS,0.7967551094898359,,25.0,257.770,,0.01,(-0.9751169201048735 add (((2.422083223337034 mul (sin((0.5983501196541284 add (-0.9384401365631053 mul x_0))) mul sin((57.126197507247355 add (-1.1316688307314695 mul x_1))))) sub (-0.054754463846181656 mul x_2)) sub (-0.5091246871984118 mul x_4)))
612_fri_c1_1000_5,ok,5,240,4,BeamBFGS,0.8043525504944169,,34.0,118.120,,0.01,(0.09769090249916863 add ((0.5708444867112978 mul cos((5.574239339904897 add (-2.9636140910650566 mul x_1)))) sub (((-0.12132132020874016 mul x_4) sub (0.8593204340436278 mul cos(((2.114838374274088 mul x_0) add (-59.71380493271439 mul sqrt((19.28850908757102 add (0.06610259253068844 mul x_2)))))))) add (-0.3584144046401039 mul x_3))))
613_fri_c3_250_5,ok,5,60,2,BeamBFGS,0.8364434940164444,,24.0,25.803,,0.01,(-0.08171459426169782 add ((0.09267746505604056 mul (x_0 mul (x_4 mul x_2))) sub ((-0.42783241965537105 mul x_3) sub (1.1446850145756373 mul sin(((-1.367560559755094 mul x_1) sub (0.9193067875398945 mul x_0)))))))
615_fri_c4_250_10,ok,10,480,5,BeamBFGS,0.6846037357888992,,48.0,347.012,,0.01,(-0.20039576359992764 add ((0.298562044867417 mul (x_0 mul x_4)) sub (((-0.3755893657573281 mul x_3) add (((-0.6863156444639127 mul sin((-68.61996588159529 add (-2.58550292926181 mul x_0)))) add ((0.0925445211541207 mul x_1) sub ((-0.10625968331825132 mul x_6) add (0.0035718672389230205 mul (x_3 mul (x_7 mul x_2)))))) add (-0.06832918800220567 mul x_8))) add ((0.03955641032490672 mul x_9) add (-0.14958786080102804 mul x_5)))))
616_fri_c4_500_50,skipped_too_many_features,50,,,,,,,0.000,Dataset has 50 features but checkpoint supports <= 10 features,0.01,
617_fri_c3_500_5,ok,5,120,3,BeamBFGS,0.9068985539076149,,51.0,59.369,,0.01,(0.07536527645851444 add ((0.7927618312678523 mul x_4) sub ((-0.474379222553366 mul x_3) sub ((((0.7464241556404917 mul sin((-30.801831299702872 add (-2.4754471018816493 mul x_1)))) sub ((-26.703127628387367 mul cos((-77.57825324228051 add (-3.1272091753390505 mul x_0)))) sub (38.63563876482412 mul (cos((-0.8139572806850679 add (-9.958321736615375e-05 mul x_3))) mul sin((2.511322327738379 add (-3.143464339221544 mul x_0))))))) sub (0.5962746432388613 mul x_2)) sub (0.2908183688125596 mul x_0)))))
618_fri_c3_1000_50,skipped_too_many_features,50,,,,,,,0.000,Dataset has 50 features but checkpoint supports <= 10 features,0.01,
620_fri_c1_1000_25,skipped_too_many_features,25,,,,,,,0.000,Dataset has 25 features but checkpoint supports <= 10 features,0.01,
621_fri_c0_100_10,ok,10,240,4,BeamBFGS,0.7302448144428437,,48.0,139.702,,0.01,(0.012453782763006705 add ((((((0.43088297489780364 mul x_0) sub (-0.6136895583408116 mul x_3)) sub ((0.049753274769444314 mul x_2) sub ((0.10699791295189104 mul (x_5 mul x_3)) add (0.028577035048299636 mul (x_9 mul x_2))))) sub (-0.28026563483363 mul x_4)) sub (6.273049325275764 mul (x_7 mul ((4.345619534268098e-06 add (1.4389270795866376e-06 mul x_8)))**2))) sub ((-0.4631894755104498 mul x_1) sub (0.010867351751947387 mul x_6))))
622_fri_c2_1000_50,skipped_too_many_features,50,,,,,,,0.000,Dataset has 50 features but checkpoint supports <= 10 features,0.01,
623_fri_c4_1000_10,ok,10,480,5,BeamBFGS,0.6638662775293478,,53.0,353.084,,0.01,(-0.032541240208478296 add (((0.024172416060794087 mul x_7) sub (-0.03144752398894083 mul x_9)) sub (((0.9815687022630957 mul sin((9.607226274383576 add (-2.180733229415171 mul x_0)))) add ((-0.14393890848242033 mul x_4) sub (0.31145875095316783 mul x_3))) add (-0.06512304201900156 mul ((((((108926.97277009103 mul inv((-11166.897822624418 add (2898.7432763670363 mul x_2)))) add (6.24199374433644 mul x_6)) add (x_1 mul x_8)) mul (0.20033065504280673 mul x_6)) mul x_7) mul x_1)))))
624_fri_c0_100_5,ok,5,480,5,BeamBFGS,0.8426618799929394,,30.0,226.038,,0.01,(-0.36448460098427243 add (((2.5075773851007632 mul ((-0.08292853363886787 add (0.3743354969212312 mul x_2)))**2) sub (-0.3996284071280606 mul x_0)) add ((-0.20836618485227396 mul x_4) add (((0.4952238604247679 mul x_3) sub (-0.44708741877456176 mul x_1)) sub (-0.4996338151477261 mul x_4)))))
626_fri_c2_500_50,skipped_too_many_features,50,,,,,,,0.000,Dataset has 50 features but checkpoint supports <= 10 features,0.01,
627_fri_c2_500_10,ok,10,60,2,BeamBFGS,0.6781374777353352,,51.0,37.156,,0.01,(0.04982472616429008 add ((0.017592208443834318 mul x_7) sub ((1.1359649502524767 mul sin(((-3.6365879275932693 mul cos((1.404886434226361 add (0.7246229724038544 mul x_1)))) sub (0.06608714709023164 mul x_6)))) sub ((0.17029679729349367 mul x_4) sub (((0.029555524791471503 mul x_9) add (((-0.4381319079872846 mul x_3) add (-0.04110089426181766 mul x_5)) add ((0.07079229508320542 mul (x_8 mul x_8)) add (-0.1103009544508888 mul x_0)))) add (0.2956404342080493 mul x_2))))))
628_fri_c3_1000_5,ok,5,480,5,BeamBFGS,0.8963705615746351,,32.0,273.827,,0.01,(-0.15769361540475776 add ((((-7.18067373631724 mul x_3) add (-17.72677194445832 mul sin(((-4.362217429172538 mul sin((71.27917288678172 add (0.4434526915489449 mul x_0)))) add (1.4243272312162487 mul x_1))))) add (0.6423603225803478 mul x_2)) mul cos((-7.921027349768279 add (-0.011272685321462172 mul x_4)))))
631_fri_c1_500_5,ok,5,240,4,BeamBFGS,0.90568700834171,,33.0,122.486,,0.01,(-0.13207181525743428 add ((((11.495559134968383 mul x_2) add (-1.3565286916321195 mul cos(((2.9146284791221624 mul cos((-0.6744064547995863 add (-0.5890649239402278 mul x_0)))) add (-1.3721237632685095 mul x_1))))) sub (11.423440865031603 mul x_2)) add ((0.38346473517427326 mul x_3) sub (-0.17654180994768268 mul x_4))))
633_fri_c0_500_25,skipped_too_many_features,25,,,,,,,0.000,Dataset has 25 features but checkpoint supports <= 10 features,0.01,
634_fri_c2_100_10,ok,10,240,4,BeamBFGS,0.45709872421370024,,44.0,152.987,,0.01,(0.041002309556269045 add (((0.23935743485476565 mul x_4) sub (0.5459872285010315 mul x_1)) add (0.008578820633908768 mul (((((2.958380317619459 mul x_2) sub ((3.9939135799853904 mul inv((((0.272869038852379 mul x_7) sub x_1) add (-6.906601580649393 mul x_6)))) add (-0.0429968098336349 mul x_9))) sub (0.4006056113684058 mul x_5)) add (1.9920322012887735 mul x_3)) mul (-7.700870676770083 mul x_0)))))
635_fri_c0_250_10,ok,10,30,1,BeamBFGS,0.8061757151856831,,46.0,15.395,,0.01,(-0.3159865490400306 add (((((0.005524795116022992 mul x_8) add (0.4207705504219907 mul x_1)) sub (0.034965940619409344 mul x_5)) sub (-0.601770219783236 mul x_3)) add ((-0.05510134938068806 mul x_6) sub (((-0.41568605767002925 mul x_0) sub ((-0.011352689306719826 mul x_7) add (0.22870370024205922 mul x_4))) add ((-43.12173918222829 mul ((-0.003490449658506087 add (-0.08864701811455715 mul x_2)))**2) add (0.015234538401068146 mul x_9))))))
637_fri_c1_500_50,skipped_too_many_features,50,,,,,,,0.000,Dataset has 50 features but checkpoint supports <= 10 features,0.01,
641_fri_c1_500_10,ok,10,240,4,BeamBFGS,0.6355426932718007,,61.0,145.886,,0.01,(-0.01356310434582896 add ((-0.03497385773719336 mul x_7) add (((((-0.19756093601206645 mul x_1) add ((-0.043123266775979725 mul x_2) add ((0.0017006528371484233 mul ((tan(((62.06388060875715 mul x_4) sub -0.5609761386296953)) mul sin((1.4125841087132158 add (-0.9554956435066041 mul x_5)))) mul sqrt((25.66367569152399 add (-11.109368550263273 mul x_9))))) add (0.060631590692673876 mul (x_3 mul x_3))))) add (0.3684173094629479 mul x_3)) sub (-0.0879310973398129 mul (x_6 mul x_8))) sub (0.8818834856332647 mul sin((34.75895392798715 add (-2.575176400814123 mul x_0)))))))
643_fri_c2_500_25,skipped_too_many_features,25,,,,,,,0.000,Dataset has 25 features but checkpoint supports <= 10 features,0.01,
644_fri_c4_250_25,skipped_too_many_features,25,,,,,,,0.000,Dataset has 25 features but checkpoint supports <= 10 features,0.01,
645_fri_c3_500_50,skipped_too_many_features,50,,,,,,,0.000,Dataset has 50 features but checkpoint supports <= 10 features,0.01,
646_fri_c3_500_10,ok,10,120,3,BeamBFGS,0.6592905927736182,,51.0,69.142,,0.01,(0.0689149686514027 add (((-0.04350569022418106 mul x_9) sub (((-0.03831552910044261 mul x_5) add ((-0.3871774094937233 mul x_3) sub (-0.07170119789522776 mul x_7))) add ((((-0.29598879968554187 mul x_0) add (-0.0002886334598741493 mul inv((0.14287601975174555 add (1.3382978471039497 mul x_2))))) sub (-0.0029152651699732015 mul ((x_6 mul x_8) mul x_4))) add (-1.217474681294944 mul sin((-6.2619742062593104 add (-2.0072629728485323 mul x_1))))))) add (0.12388552816427727 mul x_2)))
647_fri_c1_250_10,ok,10,480,5,BeamBFGS,0.5249204772029039,,43.0,334.063,,0.01,(0.0036223236735332155 add (((-0.9291833401686139 mul sin((-0.35319990185876965 add (2.6885812754542098 mul x_0)))) sub (-0.17870184921970117 mul ((x_5 mul x_9) mul (x_8 mul ((0.01072549389117706 mul ((((-44.373973352983505 mul x_6) add (-52.91040410602209 mul x_2)) mul x_7) mul x_4)) sub sin((-36.66169270524577 add (3.2599050980698983 mul x_3)))))))) add (-0.28392648987497926 mul x_1)))
648_fri_c1_250_50,skipped_too_many_features,50,,,,,,,0.000,Dataset has 50 features but checkpoint supports <= 10 features,0.01,
649_fri_c0_500_5,ok,5,240,4,BeamBFGS,0.8676144644883506,,38.0,93.803,,0.01,(-24.827276817193017 add ((0.13872955605508375 mul (((15.611431676095378 mul sin((10.451386172496179 add (-0.12864645928198795 mul x_0)))) add (((-0.07198192207641055 mul x_4) sub (0.07619554738853682 mul x_1)) add (-0.1480013688889399 mul x_3))))**2) sub ((-4.263494965244168 mul x_0) add (-0.00015858658417946278 mul ((-0.7381928584313341 add (46.10335732147401 mul x_2)))**2))))
650_fri_c0_500_50,skipped_too_many_features,50,,,,,,,0.000,Dataset has 50 features but checkpoint supports <= 10 features,0.01,
651_fri_c0_100_25,skipped_too_many_features,25,,,,,,,0.000,Dataset has 25 features but checkpoint supports <= 10 features,0.01,
653_fri_c0_250_25,skipped_too_many_features,25,,,,,,,0.000,Dataset has 25 features but checkpoint supports <= 10 features,0.01,
654_fri_c0_500_10,ok,10,480,5,BeamBFGS,0.825609529372132,,61.0,338.892,,0.01,(-0.35386965803844117 add ((((-0.0022170374863523996 mul x_5) sub ((27.645064232058438 mul x_9) add (3.3314107178551065 mul (x_3 mul (((-0.46710077103134784 mul inv((2.9809552857921275 add (0.052200100782001116 mul x_6)))) sub ((-0.002755049033759308 mul x_3) add (0.01096303539101139 mul x_7))) sub (-0.0030507374158810557 mul (x_0 mul x_8))))))) sub ((((-0.41024163783275386 mul x_1) add (-27.64093576794156 mul x_9)) add (-0.2651175362548806 mul x_4)) sub (0.0031633930897956124 mul ((0.1274958457148609 add (11.248411578651051 mul x_2)))**2))) sub (-0.4425654708719425 mul x_0)))
656_fri_c1_100_5,ok,5,480,5,BeamBFGS,0.7566529141211696,,35.0,230.049,,0.01,(0.29115797164441326 add ((-0.6410416363728497 mul ((0.7635755677383377 add (-0.2186153195196166 mul x_4)))**2) sub (((-0.8783277442313744 mul sin((0.9170690119336125 add (-2.2853511215985245 mul x_0)))) sub ((0.4102058655830969 mul x_2) add ((0.40007103731532034 mul x_3) add (-0.6597941344169164 mul x_2)))) sub (-0.166354421694139 mul x_1))))
657_fri_c2_250_10,ok,10,480,5,BeamBFGS,0.6571288982819219,,49.0,330.928,,0.01,(-0.016049324191194245 add (((((4.475717854626395 mul arctan((((-1.302008168657262 mul x_1) sub (-0.07408180250063628 mul x_4)) add (0.009834056658929087 mul x_7)))) add (-0.049059342718814486 mul x_0)) sub (0.06476885118748187 mul (x_8 mul x_9))) sub ((-0.6716589018566698 mul (x_7 mul exp((-9.754923420249764 add (-0.04984368057127909 mul x_5))))) sub ((-0.024729409805020426 mul x_6) add (3.252685579777356 mul x_1)))) sub (-0.1990967514533801 mul x_3)))
658_fri_c3_250_25,skipped_too_many_features,25,,,,,,,0.000,Dataset has 25 features but checkpoint supports <= 10 features,0.01,
659_sleuth_ex1714,ok,7,60,2,BeamBFGS,0.8492865432617359,,34.0,36.734,,0.01,(5859.314370990702 add ((((1.887877779878736e-05 mul ((363.8287317284575 add (-8.483145333386444 mul x_4)))**3) sub (((-1208.6138756241296 mul x_6) add ((-60.018708072855446 mul x_2) add (-23.34435702679543 mul x_0))) sub (-66.47973372567846 mul x_1))) add (-14.38924193758206 mul x_3)) sub (-475.81123615417545 mul x_5)))
663_rabe_266,ok,2,30,1,BeamBFGS,0.9975414323412356,,32.0,12.222,,0.01,(93.10860102790254 add (((11.06705000806027 mul x_0) sub (2164.599828993371 mul cos((4.604175907683896 add (60.32495398407711 mul x_0))))) mul ((-0.023454000329842725 mul sin((80.60838614131136 add (3.1965266547191757 mul x_0)))) sub (-0.6511625582260362 mul cos((-21.064055912599297 add (5.005978187642071 mul x_1)))))))
665_sleuth_case2002,ok,6,240,4,BeamBFGS,0.42595149182769965,,36.0,115.248,,0.01,(42.769535105802994 add ((300.55362604753356 mul (x_2 mul inv((-2414.016728473779 add (31.841436842582223 mul x_4))))) add (((3.448506784579968 mul (x_1 mul x_3)) add (-0.10657812436931685 mul ((-12.600642825584437 add (25.4986047675021 mul x_0)))**2)) sub (-545.7553322686379 mul inv((-21.603632111038714 add (-1.6208310161489277 mul x_5)))))))
666_rmftsa_ladata,ok,10,240,4,BeamBFGS,0.6693246734368983,,42.0,165.840,,0.01,(29.913914395238116 add (((-0.017276692585205762 add (5.543534731417726e-05 mul x_0)))**2 mul (((-663.5242148230802 mul x_8) sub (-0.026171797364785178 mul (x_5 mul ((((492.2944671591332 mul x_6) sub (138.3592304406908 mul x_2)) sub ((3.3238417235464053 mul x_9) sub (6.7587741951409335 mul x_3))) mul x_7)))) add ((-3467.733867006422 mul x_1) sub (2324.0699871185484 mul x_4)))))
678_visualizing_environmental,ok,3,120,3,BeamBFGS,0.464210516051101,,32.0,49.800,,0.01,(-22.461795244172638 add ((9.244639666851912 mul inv((24.180450892262893 add (-3.7578820819135488 mul x_1)))) sub (((-96.72386158992475 mul inv((2.4681295812925375 add (0.0040156545260340215 mul x_0)))) sub (1.2440057092109955 mul sin((2.906791774709956 add (-42.96858015055597 mul x_1))))) add (0.0536432556796121 mul x_2))))
687_sleuth_ex1605,ok,5,480,5,BeamBFGS,0.7472132844344442,,47.0,287.546,,0.01,(13985.520683811535 add (((((2.2451356478697937 mul cos((3.4372591865578594 add (-0.49968299704739527 mul x_2)))) add (0.16623515513886947 mul x_3)) sub (5.902972582368294 mul x_4)) add ((0.1526036012036993 mul x_1) add (-14003.445390511639 mul cos((-0.01159349770569333 add (-49.24301631055922 mul (inv((-1572.844653393491 add (25.098789922923253 mul x_3))) mul sin((-6.0331402046864175 add (2.8817842346899747 mul x_0)))))))))) add (6.677027426494418 mul x_4)))
690_visualizing_galaxy,ok,4,30,1,BeamBFGS,0.9219309195313907,,38.0,10.947,,0.01,(1590.7140271974008 add ((54.78504598727839 mul ((((0.14312188763713243 mul sin((-0.26355646847414127 add (-0.9510379598362452 mul x_0)))) add (-0.011776742322295655 mul x_0)) add (0.0047933899442708745 mul x_2)))**2) sub ((4.828379384506502 mul x_1) sub ((-0.099719886041124 mul ((0.4215507747579896 add (-0.2431851752611203 mul x_1)))**3) sub (-1.5343465425751133 mul x_3)))))
695_chatfield_4,skipped_too_many_features,12,,,,,,,0.000,Dataset has 12 features but checkpoint supports <= 10 features,0.01,
706_sleuth_case1202,ok,6,240,4,BeamBFGS,0.7619436836866053,,37.0,126.505,,0.01,(-39.57970961420647 add (((((-79.68761817562437 mul x_4) sub (120.09740918793156 mul x_5)))**2 mul ((-1.6261279655837606e-06 mul (cos((69.11243735211012 add (2.7230210006829094 mul x_1))) mul x_3)) add (4.0609533417339785 mul inv((13680.950372336194 add (10878.306037409106 mul x_2)))))) mul inv((4621.120481648571 add (-0.19333069003199888 mul x_0)))))
712_chscase_geyser1,ok,2,30,1,BeamBFGS,0.7913089229718049,,19.0,13.051,,0.01,(63.42657714092452 add ((2.1834542759115174 mul cos((-5.402068118541137 add (100.25442374225595 mul x_0)))) add (-18.7686494625171 mul sin((-30.228044498244856 add (0.6739346498853043 mul x_1))))))
_deprecated_195_auto_price,skipped_too_many_features,15,,,,,,,0.000,Dataset has 15 features but checkpoint supports <= 10 features,0.01,
_deprecated_207_autoPrice,skipped_too_many_features,15,,,,,,,0.000,Dataset has 15 features but checkpoint supports <= 10 features,0.01,
auto_insurance_losses,skipped_too_many_features,24,,,,,,,0.000,Dataset has 24 features but checkpoint supports <= 10 features,0.01,
auto_insurance_price,skipped_too_many_features,23,,,,,,,0.000,Dataset has 23 features but checkpoint supports <= 10 features,0.01,
feynman_III_10_19,ok,4,30,1,BeamBFGS,0.9459813943587633,,27.0,8.395,,0.01,(6.955553226880169 add (x_0 mul ((0.12672008920141234 mul (x_3 mul x_0)) sub (0.9471794001711613 mul (x_0 mul sin((-0.05822835221529812 add (-31.328700154178602 mul (x_2 mul inv((354.3953768580071 add (-58.42283722767487 mul x_1))))))))))))
feynman_III_12_43,ok,2,30,1,BeamBFGS,0.999659606190696,,18.0,11.895,,0.01,(0.001410885074898944 add ((0.003841915169976828 mul x_0) add (0.01540773405016703 mul (abs((10.088655844449944 add (0.04184681133817398 mul x_1))) mul (x_0 mul x_1)))))
feynman_III_13_18,ok,4,30,1,BeamBFGS,0.8999870505379058,,34.0,7.443,,0.01,(38.65775408388873 add (((-40458.63840809988 mul inv((((0.025053666661945466 mul x_2) add (-0.035733087795156895 mul x_3)) add (-240152.73796804596 mul inv((-0.014615792119358656 add (-128.0734635221211 mul x_0))))))) add (21.58195443647954 mul x_0)) mul (x_1 mul abs((-3147.3980247416457 add (5302.6937697931035 mul x_1))))))
feynman_III_14_14,ok,5,240,4,BeamBFGS,0.985877030340017,,38.0,123.670,,0.01,(0.046414962182862944 add (x_0 mul ((-29.29963877223733 mul (exp(((1.5746141702214276 mul x_2) add ((-3.527733089394922 mul x_4) sub (2.044824956026517 mul x_3)))) mul inv(((-6.801486011322283 mul inv((-53.18853284349692 add (58.87144778629512 mul (x_4 mul x_1))))) sub (-0.014288942080757509 mul x_3))))) add (0.417548138515517 mul x_1))))
feynman_III_15_12,ok,3,120,3,BeamBFGS,0.23069912385264812,,25.0,49.217,,0.01,(-4.461405369790968 add (((8.63156043744516 mul (((8.223666247324653 mul inv((4.267294532497022 add (0.8532198781783163 mul x_1)))) sub (0.35148995407986977 mul x_2)))**3) sub (-1.304544753792261 mul x_2)) sub (-1.7863574640704214 mul x_0)))
feynman_III_15_14,ok,3,120,3,BeamBFGS,0.886282834293335,,37.0,36.098,,0.01,(-6.761631680664072e-05 add ((0.0006056746821530919 mul (cos((6.309157942631352 add (1.835185399124279 mul x_0))) mul x_1)) sub (-2.1507987249824147e-05 mul (((-10.167852217588374 mul x_2) add ((16.164206185233763 mul inv((1.1721446005799152 add (-0.15624173205889533 mul x_0)))) add (-48.74205316936625 mul inv((-0.9370484027696637 add (-0.5214167664409912 mul x_1)))))))**2)))
feynman_III_15_27,ok,3,60,2,BeamBFGS,0.9962005567812476,,40.0,31.208,,0.01,(0.33480196767038317 add (((0.042352035337001194 mul x_0) add ((-0.0010151719015449915 mul (x_1 mul abs((41.80711018384015 add (-0.31786012836041794 mul x_2))))) sub (-207.09263386501934 mul inv((-3.873931351042569 add (-9.283261797302289e-05 mul (((-2846.3976517601905 mul x_2) sub (121.3700274137106 mul ((-36.9340354615661 add (-21.566849096282862 mul x_2)))**2)) mul x_1))))))) mul x_0))
feynman_III_17_37,ok,3,60,2,BeamBFGS,0.9849956481158144,,22.0,16.715,,0.01,(0.4866995653585519 add ((x_1 mul (((-4.55738838587704 mul x_2) sub (-18.149986111769884 mul ((0.4244051421715016 add (0.14380173686377218 mul x_2)))**2)) sub (0.08573328946467236 mul x_1))) mul x_0))
feynman_III_19_51,ok,5,60,2,BeamBFGS,0.6583311726603376,,43.0,26.798,,0.01,(-0.014269206411436358 add ((0.012537360953106105 mul inv((1.872896745199306 add (-1.8721071206043232 mul x_2)))) sub (-0.21656746129855878 mul ((-1.770201680689148 add (0.11665122256159387 mul (((-1.3647528182687556 mul x_3) add (-64.8795925747385 mul ((0.12269401475658485 add (-0.05779467247146672 mul x_0)))**2)) mul ((0.38474212981455896 mul x_0) add (-0.14062529654655034 mul abs((-5.162157407909251 add (-5.641538734220587 mul x_4)))))))))**3)))
feynman_III_21_20,ok,4,60,2,BeamBFGS,0.9349501965520403,,29.0,28.082,,0.01,(10.024080456759574 add ((-3.637355680120366 mul x_1) sub ((116.40889280554818 mul ((x_2 mul inv(((-6.693476788537204 mul x_0) add (58.661868526210476 mul x_3)))) mul x_0)) add (0.11362899990314862 mul sqrt((39.55339318223054 add (0.7300228665915425 mul x_1)))))))
feynman_III_4_32,ok,4,240,4,BeamBFGS,0.999859058793909,,36.0,101.499,,0.01,(-0.47439624745266606 add ((-62.52322862141543 mul ((inv((0.1033307305952899 add (-3.00634705335835 mul x_0))) mul x_3) mul (x_2 mul (inv((0.12623738458704517 add (-75.31970834650976 mul x_1))) mul ((-0.08360507064144843 mul x_0) sub exp((3.0907909645687694 add (0.001226705852525918 mul x_3)))))))) sub (-0.005544067670592085 mul x_1)))
feynman_III_4_33,ok,4,30,1,BeamBFGS,0.9987424558964642,,20.0,11.502,,0.01,(-0.6292967397480645 add (x_2 mul ((0.999450566262913 mul x_3) add ((-11.318263374008708 mul arctan((-0.030738985975801984 add (0.00542111165012191 mul x_1)))) add (-0.05901252521692792 mul x_0)))))
feynman_III_7_38,ok,3,30,1,BeamBFGS,0.9997683252477594,,27.0,9.870,,0.01,(-91.31063213408531 add ((0.07156024952746869 mul x_0) sub ((-0.2587193519490697 mul ((-18.76758509508089 add (-0.010820971197327939 mul x_1)))**2) sub (-42.85720508136565 mul (x_1 mul (x_0 mul inv((0.035741766394827 add (-3.4605655153599875 mul x_2)))))))))
feynman_III_8_54,ok,3,480,5,BeamBFGS,0.10297383690737805,,30.0,199.874,,0.01,(-24.745088701611788 add (((-0.08284556256154287 mul x_2) add (0.174723330312065 mul ((-12.037901055805918 add (-0.046005729906373694 mul (cos((62.24632235660631 add (-76.7549649460591 mul x_1))) mul cos((-44.65583620699175 add (19.780955535765038 mul x_1)))))))**2)) add (0.11087504646543478 mul x_0)))
feynman_III_9_52,ok,6,480,5,BeamBFGS,0.540923550676788,,42.0,267.986,,0.01,(5.775371869985834 add ((-0.0005405049533553053 mul ((((-21.83051333721527 add (-2.2908784256235792 mul (x_2 mul x_0))))**3 mul ((-11.434984877084332 mul x_1) add ((7.127606500324088 mul sin((-6.5922280851135815 add (-1.7096941109146764 mul (x_5 mul x_3))))) add (1.2103534499844895 mul x_4)))) mul inv((16.151534703079793 add (-25.55705560031549 mul x_3))))) add (-0.1935084395553893 mul x_4)))
feynman_II_10_9,ok,3,30,1,BeamBFGS,0.9839232714328539,,24.0,11.548,,0.01,(-0.0005533477612181924 add (inv((1.4345412117088194 add (85.28375410320284 mul (x_1 mul exp((-1.0857611592415652 add (0.002984326376339409 mul x_0))))))) mul (x_0 mul abs((-14.674328782609981 add (2.1659024290653375 mul x_2))))))
feynman_II_11_20,ok,5,60,2,BeamBFGS,0.7618535207499528,,23.0,27.370,,0.01,(2.4522920321705075 add (((((0.5628544078929864 mul (-3.289759536234271 mul x_3)) add (x_2 mul x_1)) mul x_1) mul x_0) mul ((0.03677643761198468 mul x_0) add (-0.02360649762471209 mul x_4))))
feynman_II_11_27,ok,4,30,1,BeamBFGS,0.9946332935799699,,25.0,5.837,,0.01,(-0.04616376055723301 add ((((372.7282831550658 mul inv((-130.19416851744262 add (1.6042597274029389 mul x_2)))) add (3.4828001934265087 mul inv((1.1767314428671698 add (-0.3707735947050214 mul x_1))))) mul (x_0 mul x_2)) mul x_3))
feynman_II_11_28,ok,2,30,1,BeamBFGS,0.9937348610299774,,22.0,7.911,,0.01,(0.9724319986024729 add (x_0 mul (((-61.10040292246804 mul inv((-96.39005239972576 add (-37.01821520720502 mul x_1)))) add (-0.21518490487516054 mul sqrt((17.523117671789862 add (39.592941259139906 mul x_1))))))**2))
feynman_II_11_3,ok,5,60,2,BeamBFGS,0.9250768973600555,,34.0,23.512,,0.01,(0.3536460994273137 add (((0.5046106224253679 mul x_3) add (-0.004821497743611494 mul ((((-0.7193426363602528 mul x_1) sub (0.7180420468260315 mul (x_1 mul exp((3.6076220539945436 add (-0.5074481822291449 mul (x_3 mul x_2))))))) mul (x_1 mul x_4)) mul x_0))) sub (0.5743893775744431 mul x_3)))
feynman_II_13_17,ok,4,30,1,BeamBFGS,0.5086121724691524,,35.0,11.166,,0.01,(0.02488266879506687 add ((((38.92649233309697 mul x_2) sub (43.038809747458764 mul exp((15.092787633628955 add (-0.037908803118347205 mul x_3))))) mul (((3.0997021756426984e-11 mul cos((-35.19411699647071 add (-0.6749480336911012 mul x_1)))) sub (-3.3230910966819802e-12 mul x_0)) sub (7.222352802817547e-12 mul x_2))) mul (x_1 mul x_2)))
feynman_II_13_23,ok,3,60,2,BeamBFGS,0.9956129502807327,,26.0,26.846,,0.01,(-0.9505893270135094 add (inv((2.932404092919146 add (23.275719998729294 mul x_2))) mul ((9.315178197134646 mul x_0) add ((16.58268910428295 mul x_2) sub ((-22.235045723022306 mul x_1) sub (23.355344219025984 mul (x_2 mul x_0)))))))
feynman_II_13_34,ok,3,30,1,BeamBFGS,0.9951706464261425,,30.0,8.394,,0.01,(0.013965138666929338 add ((((0.11442106493424903 mul ((x_0 mul x_2) mul ((36.799564717874006 mul ((0.05580673462310771 add (-0.008049341999446255 mul x_2)))**2) sub (0.0012184524063139483 mul x_0)))) sub (0.023608459932771712 mul x_2)) add (1.1379241675183542 mul x_1)) mul x_0))
feynman_II_15_4,ok,3,240,4,BeamBFGS,0.9563966866303509,,22.0,71.559,,0.01,(1.2796924916240353 add ((x_1 mul (((-2.2070460393029228 mul x_2) sub (41.38300828633955 mul cos((-6.233412353192766 add (0.9551096556670503 mul x_2))))) mul (0.00630988177453547 mul x_1))) mul x_0))
feynman_II_15_5,ok,3,240,4,BeamBFGS,0.9769104464266071,,26.0,73.619,,0.01,(0.7869278668991817 add ((((2.1622287559078477 mul sin((-1.4977430960681422 add (0.9792962106758852 mul x_2)))) sub (0.06585732032079765 mul x_0)) mul x_1) mul (x_0 mul ((0.07047245623987292 mul x_0) sub (-0.06086137663509049 mul x_1)))))
feynman_II_21_32,ok,5,30,1,BeamBFGS,0.8874650643497911,,19.0,6.387,,0.01,(0.0052950719257875934 add ((inv((59.0107996095577 add (4722.315567419825 mul x_1))) mul (x_0 mul x_3)) mul exp((6.11064308951217 add (-0.4652039634283779 mul x_2)))))
feynman_II_24_17,ok,3,30,1,BeamBFGS,0.9842514978335177,,29.0,13.299,,0.01,(0.7738525222063811 add ((x_0 mul (x_0 mul ((0.00018741771975026698 add (1.0584742208447185e-05 mul x_2)))**2)) mul (((-85594214.47882783 mul inv((-3.562744506466513 add (-14.997827901704252 mul x_1)))) sub (111243.69694439162 mul x_2)) sub (194804.2289981341 mul x_0))))
feynman_II_27_16,ok,3,30,1,BeamBFGS,0.9997651584914405,,14.0,10.131,,0.01,(-0.038510582535826704 add (((((1.0003908297339914 mul x_2) sub (-9.76610337173275e-05 mul x_1)))**2 mul x_1) mul x_0))
feynman_II_27_18,ok,2,30,1,BeamBFGS,0.9997523062563493,,23.0,13.480,,0.01,(0.02742397698025403 add ((0.05319467768824049 mul (x_1 mul x_1)) sub (0.01797166618484692 mul (x_0 mul (((-52.9800098077599 mul x_1) sub (0.44435616767659214 mul (x_1 mul x_0))) mul x_1)))))
feynman_II_2_42,ok,5,240,4,BeamBFGS,0.9541421334155226,,21.0,101.991,,0.01,(-1.7185225964587738 add ((x_0 mul ((516492.40894701035 mul x_2) add (-441095.16838525963 mul x_1))) mul ((1.5594379231010253e-06 mul x_3) add (-2.5530798099183466e-07 mul (x_4 mul x_3)))))
feynman_II_34_11,ok,4,60,2,BeamBFGS,0.9996611684491775,,19.0,29.793,,0.01,(0.0002428975103058992 add (x_1 mul (inv((-2.2216951223320166e-07 add (-4.322594970484896e-05 mul x_3))) mul (x_0 mul sin((-53.407074992358474 add (2.1599874301482162e-05 mul x_2)))))))
feynman_II_34_2,ok,3,30,1,BeamBFGS,0.9996773451469058,,17.0,8.882,,0.01,(-0.0069959910909512734 add (((-0.0005130731342806337 mul x_1) add (0.49935445741582374 mul ((x_2 mul x_1) mul x_0))) add (0.01088791131728713 mul x_0)))
feynman_II_34_29a,ok,3,30,1,BeamBFGS,0.9997811960048161,,18.0,10.395,,0.01,(-0.0008701737504840856 add (x_0 mul (inv(((26.907837169127443 mul x_2) add ((0.007007105662309554 mul x_0) sub (14.39216283050428 mul x_2)))) mul x_1)))
feynman_II_34_29b,ok,5,60,2,BeamBFGS,0.9455645190775737,,29.0,25.003,,0.01,(51.357321850092575 add (((2.0423724529930416 mul (x_0 mul (((0.2787702286149146 mul x_2) add (0.25888953803001147 mul x_4)))**3)) add (1.6550559158541458 mul x_1)) mul (inv((-0.35084925621315743 add (1.1809410976599921 mul x_1))) mul (x_3 mul x_0))))
feynman_II_34_2a,ok,3,30,1,BeamBFGS,0.9745446953171379,,23.0,9.706,,0.01,(0.023064084457951235 add ((0.003635034334128334 mul sin((-84.09681853576676 add (-52.60928779874032 mul x_0)))) sub (-0.22476303170011488 mul ((x_0 mul exp((0.006048224538106654 add (-0.48301288403102816 mul x_2)))) mul x_1))))
feynman_II_35_18,ok,5,60,2,BeamBFGS,0.907394291192752,,26.0,28.397,,0.01,(-1017.7295931589314 add ((((0.2821425667238196 mul x_0) add (3014.723556615257 mul exp((-1.0859373318636365 add (0.000213955844825708 mul x_2))))) sub ((0.21231193332915835 mul x_3) add (-0.22614737342705965 mul x_1))) add (-0.21197676310087502 mul x_4)))
feynman_II_35_21,ok,5,120,3,BeamBFGS,0.961605859954626,,28.0,37.901,,0.01,(-0.37243515603852634 add ((x_0 mul x_1) mul ((((0.02249241562659984 mul (x_2 mul x_1)) add (-0.10614694478907613 mul x_3)) add (-1.952538949064942 mul inv((-1.5416726823008255 add (-0.2016704458293524 mul x_4))))) sub (0.01022438147268641 mul x_0))))
feynman_II_36_38,ok,8,240,4,BeamBFGS,0.8483559003814589,,53.0,120.636,,0.01,(-1.0595568056094442 add ((0.009048978066595827 mul ((x_4 mul x_3) mul x_4)) add ((0.5626982720462985 mul x_5) add (-2.1114532935841117 mul (((((0.184193523282423 mul x_2) add (-0.02286487677040145 mul x_7)) sub (((-0.08344670599220684 mul (x_3 mul x_5)) add (-0.08630303131731755 mul x_6)) add (0.01286621677585448 mul sin((28.024358725383376 add (-12.33627509919018 mul x_3)))))) sub (0.1920440218440552 mul sqrt((19.50968854077181 add (8.756911986119702 mul x_1))))) mul x_0)))))
feynman_II_37_1,ok,3,30,1,BeamBFGS,0.9977538441493176,,25.0,8.762,,0.01,(4.013574225134564 add ((0.40835375594974965 mul (((((0.4276951754103654 mul x_1) sub (-0.054301442849983186 mul (x_2 mul x_0))) sub (-2.3187258009200207 mul x_2)) mul x_0) mul x_1)) sub (0.3977622425979384 mul x_1)))
feynman_II_38_14,ok,2,30,1,BeamBFGS,0.9650440746381993,,22.0,10.108,,0.01,(-0.03719743782995656 add (x_0 mul inv(((18.914639071866045 mul inv((4.206690382684843 add (-0.5567007251976163 mul x_1)))) add (1363.1542633356253 mul inv((-290.18865862871047 add (-611.3223549013917 mul x_0))))))))
feynman_II_38_3,ok,4,60,2,BeamBFGS,0.9997005329044031,,21.0,27.040,,0.01,(-0.015434921632590342 add ((x_0 mul x_3) mul (abs((7.775679399729084 add (0.0061598283316866625 mul x_1))) mul (x_1 mul inv((-0.040203263054265914 add (7.801201056056108 mul x_2)))))))
feynman_II_3_24,ok,2,30,1,BeamBFGS,0.9888202899647464,,10.0,7.699,,0.01,(-0.010557142735102788 add (x_0 mul inv((-21.62048031695721 add (32.74337270867613 mul x_1)))))
feynman_II_4_23,ok,3,120,3,BeamBFGS,0.9998088869541784,,28.0,34.725,,0.01,(2.1496723272397414e-05 add (x_0 mul (inv((0.00306141311045547 add (3.578837478785919 mul (x_1 mul x_2)))) mul ((0.0006768198216094572 mul ((24.18440089062007 add (-0.01382046292354568 mul x_1)))**2) sub ((-0.3320714495026359 add (0.0002447020126520736 mul x_0)))**2))))
feynman_II_6_11,ok,4,240,4,BeamBFGS,0.7430863717525411,,28.0,73.888,,0.01,(0.002878235860984424 add (((inv(((-0.02074799183447625 mul arctan(((-27.306305044255378 mul x_0) sub (0.14030504425536763 mul x_0)))) sub (0.041268123398098204 mul x_3))) mul x_1) mul ((0.008885450170429741 add (-0.008889426060310365 mul x_2)))**2) mul x_1))
feynman_II_6_15a,ok,6,120,3,BeamBFGS,0.8567967604621397,,41.0,46.149,,0.01,(-281.11269957996626 add ((-0.030263247690989443 mul (((-605.9654782590626 mul (((-0.029387717617346105 mul x_0) sub (-0.034428195668575384 mul x_3)) mul (x_0 mul x_1))) sub (150.74291700620643 mul x_5)) mul inv((-40.780779896868076 add (46.429134297383285 mul x_2))))) sub ((-137.7971043859718 mul ((-1.427851038754631 add (0.00010330841757532868 mul x_3)))**2) sub (0.07139444611997789 mul x_1))))
feynman_II_6_15b,ok,4,60,2,BeamBFGS,0.61350182225884,,25.0,16.592,,0.01,(0.0016809774456265272 add (((x_3 mul ((-2729.506405673213 mul inv((-28.807134201977398 add (69.13324644649735 mul x_3)))) add (7.62528694674117 mul x_0))) mul cos((-20.42144114984252 add (0.0007018148807173553 mul x_2)))) mul x_1))
feynman_II_8_31,ok,2,30,1,BeamBFGS,0.9998034189337938,,36.0,6.078,,0.01,(0.0005476150506697499 add (x_0 mul (((0.010038195275864685 mul x_1) sub (87.92018085497318 mul ((x_1 mul inv(((1.5621435788683464 mul ((-4.562255856752379 add (-0.0033237372049844905 mul x_0)))**3) add cos((-3.2102162351763726 add (-0.5972033388538736 mul x_0)))))) mul (0.8452358823518562 mul x_1)))) sub (0.002932722884492564 mul x_0))))
feynman_II_8_7,ok,3,30,1,BeamBFGS,0.9588822328830624,,26.0,11.204,,0.01,(-0.1430198943111025 add ((35.088053299874325 mul (inv(((97.61889860352899 mul x_2) sub ((-61.125005856155916 mul x_1) add (-0.32200585615593513 mul x_1)))) mul x_0)) add ((-0.032288671371323456 mul x_0) sub (-0.025214407707244244 mul x_2))))
feynman_I_10_7,ok,3,30,1,BeamBFGS,0.9954520211202098,,36.0,11.006,,0.01,(2014.2260670579808 add ((-4.1176535811076524 mul ((-22.11728770287783 add (0.004932600690771817 mul x_0)))**2) sub ((-6.620976343457518e-05 mul (((-147.30635850152873 mul x_2) add ((2686.5773840081088 mul x_0) add ((-177.24101926274585 mul (x_0 mul x_2)) sub (105.48339814314038 mul x_2)))) mul x_1)) add (-0.027361940455363158 mul x_2))))
feynman_I_11_19,ok,6,60,2,BeamBFGS,0.9230028531595003,,35.0,30.628,,0.01,(5.856577822910654 add (((-0.6019848726126561 mul (((-0.4173859269833682 mul x_2) sub (1.738357337995753 mul x_0)) mul x_3)) sub ((0.957573011160961 mul x_3) sub ((1.2227679270131842 mul x_1) sub (-0.06527358331960295 mul (((x_5 mul x_2) mul x_1) mul x_4))))) sub (-1.1363997443664942 mul x_4)))
feynman_I_12_1,ok,2,30,1,BeamBFGS,0.99955393827744,,20.0,9.717,,0.01,(-0.0339078103164862 add ((((-0.006313966721905799 mul x_1) sub (-7.440578711934245 mul ((-0.06363270082003557 add (-0.010489949987153342 mul x_0)))**2)) sub (-0.9885962021084591 mul x_0)) mul x_1))
feynman_I_12_11,ok,5,60,2,BeamBFGS,0.9682761889998875,,39.0,22.745,,0.01,(7.492441672961157 add ((((-0.20135882838825017 mul ((x_0 mul x_3) mul ((-66.84871878087942 mul inv((-1.8664144592742076 add (-11.161624321100906 mul x_1)))) add (-0.07754103070736285 mul x_2)))) add ((-0.006732518783269606 mul x_1) sub (0.058873843059552344 mul x_0))) mul x_1) mul (cos((-4.572892628176854 add (0.9411395706066767 mul x_4))) mul x_2)))
feynman_I_12_2,ok,4,60,2,BeamBFGS,0.9994001048762203,,31.0,25.069,,0.01,(0.00033868896685575677 add ((x_1 mul inv((7.859126563438624 add (85.79237277215329 mul (abs(((46.37362950609727 mul x_2) add (-1.368422151132264 mul x_3))) mul ((-0.0246268092633327 add (0.5472624451922712 mul x_3)))**2))))) mul abs((-10.424618314814104 add (-83.02733488078533 mul x_0)))))
feynman_I_12_4,ok,3,240,4,BeamBFGS,0.9882949769912169,,17.0,87.655,,0.01,(-0.0034036617699890097 add ((x_0 mul inv((-0.5972120554363225 add (0.8922725305979831 mul x_2)))) mul inv((2.727241993257645 add (36.695282401486985 mul x_1)))))
feynman_I_12_5,ok,2,30,1,BeamBFGS,0.9995994959629341,,26.0,9.121,,0.01,(-0.0032980986839095433 add ((((1.0030540604735523 mul x_1) add (-0.004384250225307826 mul x_0)) sub (-0.45564544067785706 mul (((0.08258449046808157 mul x_0) add (-0.0004258818485486539 mul ((x_1 mul x_1) mul x_0))))**3)) mul x_0))
feynman_I_13_12,ok,5,480,5,BeamBFGS,0.8700962236153587,,20.0,257.942,,0.01,(0.8769825080992 add (((x_1 mul ((-0.7935855978564867 mul x_3) add (0.7513872132782069 mul x_2))) mul inv((3.716682382870779 add (-0.6063711438433431 mul x_0)))) mul x_4))
feynman_I_13_4,ok,4,30,1,BeamBFGS,0.9550266294887578,,13.0,10.756,,0.01,(-3.3709590247559915 add (((2.9134403921451546 mul x_1) sub (-0.8999301599257457 mul (x_2 mul x_3))) mul x_0))
feynman_I_14_3,ok,3,30,1,BeamBFGS,0.9996065375788514,,25.0,8.706,,0.01,(-0.0725303618474057 add ((6.402889610878025 mul inv((12.389636686511533 add (47.71625381955073 mul x_1)))) sub (-0.3840211808105117 mul ((x_1 mul (x_2 mul x_0)) mul ((1.621803406899726 add (-0.0022979704623225976 mul x_0)))**2))))
feynman_I_14_4,ok,2,30,1,BeamBFGS,0.9996953520723051,,28.0,9.504,,0.01,(-0.008862745163971229 add ((sin((2.048149805588017e-05 add (0.003966671468494891 mul x_0))) mul x_1) mul ((-38.87799848889639 mul (((0.000365987183889933 mul x_0) sub (-0.00035988969675668773 mul x_1)) mul (x_1 mul x_1))) sub (-126.20910730962265 mul x_1))))
feynman_I_15_10,ok,3,30,1,BeamBFGS,0.9947164653142813,,33.0,10.727,,0.01,(-0.195987544191288 add (((1.2084936073467802 mul x_1) sub (-0.0001740470101191075 mul (((-6.3075808826425 mul sqrt((5.1434920283422905 add (-0.9015545887212917 mul x_0)))) sub ((-56.938739151073264 mul cos((-6.624554467699633 add (-0.5817590689867599 mul x_0)))) sub (-74.36164596929257 mul x_1))) mul x_2))) mul x_0))
feynman_I_15_3t,ok,4,30,1,BeamBFGS,0.9949195521092482,,15.0,11.055,,0.01,(-0.07382286075505816 add (((-0.05739910175074412 mul x_0) add (0.008011264201624728 mul (x_2 mul x_1))) add (1.044575185556781 mul x_3)))
feynman_I_15_3x,ok,4,30,1,BeamBFGS,0.9880736345455827,,19.0,9.521,,0.01,(-2.083939788561037 add ((1.2709618810077519 mul x_0) add (-0.03458447894941473 mul ((x_1 mul ((3.159053131451267 mul x_0) sub (-0.27620329504718044 mul x_2))) mul x_3))))
feynman_I_16_6,ok,3,30,1,BeamBFGS,0.965237229617838,,30.0,10.123,,0.01,(2.884008186510085 add ((((53403.10063966023 mul inv((-9653.750735366802 add (-8237.323478617049 mul x_0)))) add (0.6995249305808018 mul x_1)) add (-0.2274732399808699 mul x_1)) add (-1.4250775489871578e-07 mul (((-1126190.0943448213 mul x_0) sub (-959665.4832540245 mul x_1)) mul x_2))))
feynman_I_18_12,ok,3,120,3,BeamBFGS,0.8887871394323952,,22.0,38.245,,0.01,(1.282404068072449 add (x_1 mul ((-0.12089009411640823 mul (x_0 mul x_2)) mul ((-3318.256590182598 mul inv((581.2283809513485 add (-9.747319428071593 mul x_0)))) sub (-1.8818307574924065 mul x_2)))))
feynman_I_18_14,ok,4,60,2,BeamBFGS,0.9472976287433925,,27.0,30.330,,0.01,(4.294867663806206 add (((((-450056.7227524939 mul (x_0 mul x_0)) sub ((-49505085.308503926 mul x_3) add (112863394.2406647 add x_3))) sub (6071056.362356132 mul x_1)) mul (-1.263661447896094e-08 mul x_0)) mul (x_2 mul x_1)))
feynman_I_18_4,ok,4,60,2,BeamBFGS,0.9379020296983909,,39.0,21.225,,0.01,(-11.04251013892104 add ((((-0.00017045789344774447 mul (x_2 mul x_3)) sub (-0.10370794016907803 mul (inv((0.8159177361196662 add (-2.0277152533639393 mul x_0))) mul inv((-85.94523399251506 add (9.146354650768512 mul x_1)))))) add (2.2183873931088773 mul inv((52.390483106895935 add (-2.1264406272365672 mul x_2))))) mul ((6.368904585014249 add (0.10121748814861854 mul x_3)))**3))
feynman_I_24_6,ok,4,30,1,BeamBFGS,0.9870071933061805,,14.0,9.116,,0.01,(1.0467808456335543 add ((((0.42564166668366005 add (0.4130272637571841 mul x_3)))**3 mul x_1) mul (x_0 mul x_2)))
feynman_I_25_13,ok,2,30,1,BeamBFGS,0.9997325158644202,,27.0,8.841,,0.01,(-0.008772871284110325 add (x_0 mul (((1346.1453081842508 mul inv((37.52403232116003 add (1311.0567131017265 mul x_1)))) sub (1.2844378137675208 mul x_0)) sub (1.9310702577209795 mul (cos((3.984133819758537 add (0.000265694596595108 mul x_0))) mul x_0)))))
feynman_I_26_2,ok,2,30,1,BeamBFGS,0.9613630935531684,,19.0,5.789,,0.01,(-0.06490580780241541 add ((-0.0019905271036997083 mul ((((67.0875751587166 mul x_0) add (-0.6956189996139026 mul x_1)) mul x_1) mul x_1)) sub (-1.461593030821469 mul x_0)))
feynman_I_27_6,ok,3,30,1,BeamBFGS,0.9276639425910507,,23.0,9.573,,0.01,(1.634408414883029 add (((7.71321116339134 mul inv((-3.4535283813952122 add (-0.6478493179201863 mul x_1)))) sub (-0.10787392377430638 mul x_0)) add (0.7551012802519479 mul ((1.2503170419391554 add (-0.23927583840619102 mul x_2)))**2)))
feynman_I_29_16,ok,4,60,2,BeamBFGS,0.6667072982800033,,44.0,32.880,,0.01,(3.001795289130101 add (((cos((-67.02979846242914 add (-1.31691801928331 mul x_3))) mul inv(((-0.0029412874974149125 mul inv(((4.915165258252277e-07 mul inv((3.5258722001978753 add (-0.6446988366093135 mul x_3)))) add (-4.2893985651047727e-08 mul (x_2 mul x_2))))) add x_0))) mul ((0.18338798344044255 mul tan((37.87948826848547 add (-32.793757996870454 mul x_3)))) add (1764.7555249229424 mul x_1))) mul x_0))
feynman_I_29_4,ok,2,30,1,BeamBFGS,0.999754263433626,,25.0,13.792,,0.01,(0.0008202747635336344 add ((inv((-0.38404040497863934 add (56.72106768959813 mul x_1))) mul ((-0.0010057267303967192 mul (x_1 mul x_1)) sub (-184.56861088943043 mul abs((0.3057270225176133 add (6.541159970911984e-05 mul x_0)))))) mul x_0))
feynman_I_30_3,ok,3,240,4,BeamBFGS,0.47700959091181017,,23.0,109.580,,0.01,(-0.335331563050529 add ((-1159.3371105824351 mul (x_0 mul inv((-545.8822076459763 add (-0.008679978128446323 mul (x_2 mul ((-643.1174578106176 add (631.0512211384669 mul x_1)))**2)))))) add (0.7510928055580112 mul x_0)))
feynman_I_30_5,ok,3,30,1,BeamBFGS,0.9606195119628601,,17.0,8.754,,0.01,(-0.19818542628382027 add (inv(((-76.09094176049129 mul x_2) sub (57.378346124754394 mul x_1))) mul ((-4.532327838188231 add (-0.5548342615703769 mul x_0)))**3))
feynman_I_32_17,ok,6,120,3,BeamBFGS,0.9188755557076557,,43.0,50.415,,0.01,(-3.108954612839849 add (((12.267982744747075 mul exp((2.727937046609829 add (-0.22971665344931042 mul x_1)))) add ((-82.29816826069208 mul x_3) sub (69.62915860384646 mul x_2))) mul inv((((-17.584997897057967 mul cos((-62.4516640547616 add (-0.8520000001028712 mul (x_0 mul exp((-6.569999999912354 add (-24.49999999991183 mul x_3)))))))) sub (-19.38870965858361 mul x_4)) sub (8.14335355164556 mul x_5)))))
feynman_I_32_5,ok,4,60,2,BeamBFGS,0.9894659935270147,,25.0,21.583,,0.01,(0.024027311278877046 add (x_0 mul (x_0 mul (((-27.33196083028714 mul (x_1 mul inv(((-85.36652266432051 mul x_3) sub (22.082866310290846 mul (x_2 mul x_3)))))) sub (0.04482116547736198 mul x_1)))**2)))
feynman_I_34_1,ok,3,30,1,BeamBFGS,0.9760593130028048,,17.0,6.182,,0.01,(0.07372449223940021 add (x_2 mul (((0.12716643194257432 mul x_0) sub (0.14576729951121717 mul (x_0 mul x_1))) sub (-1.2958191132700763 mul x_1))))
feynman_I_34_14,ok,3,30,1,BeamBFGS,0.9953151273785908,,26.0,10.586,,0.01,(0.02828521740690115 add (inv((((-0.006441870940201073 mul ((-93.6251253680401 add (3.044328575601968 mul x_1)))**2) add (-3.6608512073410737 mul x_1)) sub (57.44735376872671 mul sin((-1.4292928822291924 add (-0.014922704819277757 mul x_0)))))) mul x_2))
feynman_I_34_27,ok,2,30,1,BeamBFGS,0.9996219236364998,,23.0,8.828,,0.01,(0.0018347713800897058 add ((((2.1406280228443793 add (-0.0029706462014639796 mul x_1)))**2 mul ((0.03554633552729397 mul x_1) add (0.00983834317531601 mul inv((-9.165713517914233 add (0.8264308354615598 mul x_1)))))) mul x_0))
feynman_I_34_8,ok,4,60,2,BeamBFGS,0.9998607020114789,,21.0,30.574,,0.01,(0.02878432937709796 add ((x_1 mul ((((0.9142548574014596 add (0.0010563811406006293 mul x_1)))**2 mul x_0) mul x_2)) mul inv((-0.010023152060903973 add (0.8504207248945876 mul x_3)))))
feynman_I_37_4,ok,3,30,1,BeamBFGS,0.9366554798195883,,27.0,13.330,,0.01,(3.506094891647359 add ((0.08222243467638092 mul x_2) add ((0.4959923171843937 mul x_0) sub ((-1.2426629350909388 mul cos((-46.44568444574802 add (0.4217516941733022 mul x_1)))) add (-5.489909109788337 mul cos((-6.089812127913886 add (-1.0522579438476605 mul x_2))))))))
feynman_I_38_12,ok,4,30,1,BeamBFGS,0.8403213475446174,,18.0,15.345,,0.01,(-0.9017275005238673 add ((13.057218203779591 mul (exp(((-1.107408961264112 mul x_1) add (-0.47845730222190014 mul x_0))) mul x_2)) add (0.3020227434231463 mul x_3)))
feynman_I_39_1,ok,2,30,1,BeamBFGS,0.9996262585844715,,29.0,6.518,,0.01,(-0.011676399569548985 add (x_0 mul (((1.5032964731285516 mul x_1) sub (3.7729563444987865e-06 mul (((0.010778946570610955 mul x_0) sub (54.79007781360164 mul cos(((25.532471217973203 mul x_1) add (-4.917528782026887 mul x_1))))))**2)) add (-0.0012825071679980174 mul x_0))))
feynman_I_39_11,ok,3,30,1,BeamBFGS,0.9990695368414186,,34.0,9.224,,0.01,(3.9421785981665027 add (inv(((1.8346711562329533e-06 mul x_0) add (8.792263852947747e-11 mul ((-19.182099984090033 add (75.49285267732648 mul x_0)))**2))) mul ((((-1.931408696089273e-05 mul x_0) add 2.060460180676702e-05) sub (((6.351464098803567 add (-3.784018656448188e-07 mul x_1)))**2 mul x_2)) add (40.3410960400904 mul x_2))))
feynman_I_39_22,ok,4,30,1,BeamBFGS,0.9658737388904453,,27.0,11.294,,0.01,(-0.7899813649875309 add ((0.19602962050413164 mul x_1) sub (-0.06102796200474268 mul ((exp(((0.3133889773367722 mul x_3) add (-0.031270930381454905 mul x_1))) mul x_0) mul (x_1 mul ((-4.567207383644676 add (0.595029108481026 mul x_2)))**2)))))
feynman_I_40_1,ok,6,30,1,BeamBFGS,0.40574678142308507,,32.0,9.619,,0.01,(2.034303471884248 add (((-0.04813274828306097 mul abs((0.00031310785710293113 add (5.09734466131383 mul x_2)))) add (-5.384686411627102e-05 mul (x_0 mul (((-6.307278378446684 mul exp((2.565795105699087 add (-0.9850606728694072 mul x_3)))) add (-8.026009916422842 mul x_4)))**2))) add (-0.22497322046342855 mul x_1)))
feynman_I_41_16,ok,5,120,3,BeamBFGS,0.9592399958094153,,38.0,44.043,,0.01,(-0.31295314507944966 add (((0.11197082629946871 mul (x_0 mul x_3)) add (0.10182020690515299 mul exp((-4.363737131662355 add (1.3710903573834183 mul x_0))))) mul ((((-33.329084044028846 mul x_3) add (-246.3402002932702 mul x_1)) mul inv((-4.535573572202039 add (-0.11598799728582834 mul x_2)))) mul exp((-2.4838943984445363 add (-0.8990798051715947 mul x_4))))))
feynman_I_43_16,ok,4,30,1,BeamBFGS,0.9976652426085495,,39.0,8.778,,0.01,(-0.24692345198979507 add ((x_1 mul ((-143932.77588962944 mul inv(((24.776344151724196 mul x_2) sub (0.1005476136535821 mul ((-39817.98277418984 add (-43213.41637484456 mul x_3)))**2)))) add (0.13130067894783962 mul ((0.0626588946367019 add (-0.00013394610179839339 mul (x_0 mul x_2))))**3))) mul (x_0 mul ((-54.768630404607634 add (-18.61437980652544 mul x_2)))**2)))
feynman_I_43_31,ok,3,30,1,BeamBFGS,0.999725077631622,,28.0,9.309,,0.01,(0.0008453994435254943 add (x_1 mul ((30.951257284263658 mul x_2) add (((-30.948742715736323 mul x_2) add (0.008749535878361735 mul x_0)) sub (-3.544953264261065 mul (abs((-0.27916958998976166 add (-0.0005122506723732309 mul x_2))) mul (x_0 mul x_2)))))))
feynman_I_43_43,ok,4,120,3,BeamBFGS,0.9043048236827762,,25.0,51.263,,0.01,(0.08874237718207871 add (((-4.567450267722534 mul x_0) sub (-23.074188542827383 mul x_3)) mul (x_1 mul inv(((16.429000111746234 mul x_0) add (0.29089955032764264 mul ((5.600759070687707 add (-6.555658015915897 mul x_2)))**2))))))
feynman_I_44_4,ok,5,120,3,BeamBFGS,0.9650136369629692,,20.0,45.011,,0.01,(-0.9722590433391042 add (((x_0 mul ((-0.0018279188121033978 mul x_3) sub (-0.0018712401061645404 mul x_4))) mul ((-12.448032417608268 add (-4.018523857900369 mul x_1)))**2) mul x_2))
feynman_I_47_23,ok,3,30,1,BeamBFGS,0.9625640936762828,,12.0,10.573,,0.01,(0.8477539158073282 add ((x_1 mul inv((1.5597423670525246 add (3.1799101181183866 mul x_2)))) mul x_0))
feynman_I_48_2,ok,3,30,1,BeamBFGS,0.9994994610543685,,25.0,10.922,,0.01,(4.28852711750174 add ((-0.19365443023292098 mul (inv((0.14871613904310413 add (0.11878830138672718 mul (x_0 mul x_1)))) mul x_2)) sub (-0.00035608849790970057 mul (((3.529612166456275 add (52.781639010540225 mul x_2)))**2 mul x_0))))
feynman_I_50_26,ok,4,240,4,BeamBFGS,0.4835471922366772,,33.0,74.361,,0.01,(0.48094465213385396 add ((x_1 mul ((((-0.35450652194004645 mul x_2) sub (-3.775064706551157 mul ((1.0297510572917814 add (-0.43233356078565033 mul x_1)))**2)))**2 mul exp(((0.28845217719479516 mul x_3) sub (-1.4749305512063515 mul cos((-2.025188387105659 add (-0.8544876971565174 mul x_0)))))))) mul x_1))
feynman_I_6_2,ok,2,30,1,BeamBFGS,0.9516520951197274,,15.0,9.689,,0.01,(0.12387465934687435 add (sin((2.28875863973524 add (-1.2704532833652595 mul x_1))) mul exp((-1.2769498168005804 add (-0.810421365514274 mul x_0)))))
feynman_I_6_2a,ok,1,30,1,BeamBFGS,0.9995510996907465,,21.0,6.109,,0.01,(-13.973603188033476 add (((-0.7688124779314918 mul ((42.6106818454726 add (3.0631455245531702 mul x_0)))**2) add (14.895681704721037 mul x_0)) mul inv((-95.42903194335615 add (-16.31050743714946 mul x_0)))))
feynman_I_6_2b,ok,3,120,3,BeamBFGS,0.7788123919765779,,31.0,41.536,,0.01,(0.4901990119681574 add ((-0.14494248639706953 mul x_2) sub (-0.0012770824380612179 mul (x_1 mul (((59.89033571137536 mul sin((8.64087543624052 add (0.6935163083710497 mul x_0)))) add (30.464910611850204 mul x_2)) sub (23.908330036926866 mul exp((1.9137950102140284 add (-0.8685821497110092 mul x_2)))))))))
feynman_I_8_14,ok,4,60,2,BeamBFGS,0.5951812145642885,,41.0,22.324,,0.01,(0.4876190552780256 add ((0.7915782394594871 mul x_0) add ((13.26957850621335 mul (((((0.0023295698097036263 mul x_2) add (0.07966957272994703 mul inv((-7.046034915894895 add (0.5025702012198954 mul x_3))))) mul x_1) mul x_0) mul x_2)) add ((-0.20381340072100185 mul x_3) sub (-58.03619317900426 mul (x_1 mul inv((158.43042886846706 add (-23.404755004921068 mul x_3)))))))))
feynman_I_9_18,all_attempts_failed,9,,5,,,,,278.070,All retry attempts failed,0.01,
feynman_test_1,ok,7,120,3,BeamBFGS,0.847040277031766,,40.0,61.798,,0.01,(-3.470280859138852 add ((exp((-67.49402370254154 add (1.3657096343097888 mul x_1))) mul (((19136119.418289557 mul x_2) add (34.87295139513678 mul abs((4373867.745434553 add (-1492463.1099402148 mul x_5))))) mul x_0)) mul ((x_2 mul x_3) mul ((-1870252.9804061712 mul inv((2.6066100871463816e-15 add (-3.0027469116134954e-15 mul x_6)))) add (4008.337012137836 mul x_4)))))
feynman_test_10,ok,3,30,1,BeamBFGS,0.9854600583066858,,25.0,6.065,,0.01,(0.5850194938491039 add (((-1.8288897071494472e-05 mul (((-3.192151229742003 mul cos((19.80351640506957 add (-7.675551727207451 mul x_0)))) sub (-20.875853630163377 mul x_0)))**2) add (0.8028834445338235 mul x_2)) sub (-0.1561167631796251 mul x_1)))
feynman_test_11,ok,4,120,3,BeamBFGS,0.9055344491519408,,25.0,52.638,,0.01,(0.033178244952444966 add ((((71.71528731713926 mul inv((101.83794204118594 add (66.51423251204001 mul (x_2 mul x_3))))) add (-0.053940287928785524 mul x_1)) mul x_0) mul ((0.4194662569282318 add (1.4210870203467056 mul x_3)))**2))
feynman_test_12,ok,5,30,1,BeamBFGS,0.9680412186683093,,34.0,12.999,,0.01,(-2.406297123891102 add ((x_3 mul (x_0 mul x_2)) mul (((-12.285579187862481 add (-0.061102058938036836 mul x_4)))**2 mul ((-0.00023136771467963335 mul x_0) add (2.650977053989632e-09 mul inv((5.29214732420364 add (4.006447413547107 mul (x_1 mul inv((1.9502388519213197e-07 add (-0.7570553910915271 mul x_1))))))))))))
feynman_test_13,ok,5,30,1,BeamBFGS,0.5953322175861153,,26.0,6.344,,0.01,(0.012925759066867803 add ((((0.001183215763883688 mul x_3) add (4.71664727994568 mul inv(((1.5995648445391417 mul x_1) sub (-4.623906347502817 mul x_4))))))**3 mul (x_2 mul inv((93.6868341269307 add (-17.11322060703821 mul x_0))))))
feynman_test_14,ok,5,240,4,BeamBFGS,0.54384854129259,,42.0,110.810,,0.01,(0.719203625624785 add (((2.0458916729379306e-07 mul (inv((5.79822912604748e-06 add (2.6194015549008612e-06 mul x_0))) mul x_2)) add inv(((88.08187330991858 mul tan((-3.187714594910584 add (0.0321149461397468 mul x_3)))) add (-7.918075404853252 mul x_2)))) mul (((-3.9601090146624904 mul x_3) sub ((-0.8654423290161486 mul (x_1 mul x_4)) sub (5.410411618756685 mul x_1))) mul x_0)))
feynman_test_15,ok,4,120,3,BeamBFGS,0.9151003896225313,,33.0,51.467,,0.01,(440.1717186065262 add ((-0.09690604901636314 mul x_0) sub ((((-0.00022679619772788151 mul (((-2.212833311491453 mul x_0) sub (22.467764452369195 mul x_2)))**2) add (0.024545848384554505 mul x_1)) sub (562.7637756820016 mul inv((-1.2816466722373798 add (-0.025473473867733774 mul x_3))))) add (7.764617333036747 mul x_3))))
feynman_test_16,ok,6,30,1,BeamBFGS,0.9329299933658163,,42.0,14.320,,0.01,(-1.8403150042774072 add (((-4.356723055124356e-05 mul (x_1 mul ((-9.864432435200799 add (-6.843929795639719 mul x_0)))**3)) add ((1.246784803311232 mul x_4) sub ((-2.4742849744747577 mul x_3) add (-3.410737754588088 mul (((-0.38468619993436387 mul sin((11.062663535179619 add (-35.14667524481879 mul x_2)))) add (-0.007305178361584625 mul ((x_2 mul x_0) mul x_5))))**2)))) mul x_1))
feynman_test_17,ok,6,30,1,BeamBFGS,0.8642086616266887,,32.0,6.922,,0.01,(-674.7081575959583 add (x_4 mul ((((62.33517017635589 mul x_2) add ((-282.5551635795175 mul x_5) sub (350.6139781821595 mul x_0))) sub (abs(((16.6335544581195 mul (x_3 mul x_1)) add (-100.33904476547765 mul x_4))) mul x_1)) mul (-0.07260593399559359 mul x_1))))
feynman_test_18,ok,5,120,3,BeamBFGS,0.8539096650341521,,22.0,47.618,,0.01,(-0.1522694389938334 add (x_3 mul ((0.0153512616178276 mul x_1) sub (30.656965503210827 mul inv((((11.277005151733496 mul x_4) sub (37.79346655368294 mul x_0)) sub (19.32947003465861 mul x_2)))))))
feynman_test_19,ok,6,30,1,BeamBFGS,0.9102754364034134,,33.0,11.259,,0.01,(-1.0374735777788557 add ((((((2.4858888781441992 mul x_4) sub (-2.8602607772069146 mul x_5)))**3 mul x_3) mul cos(((-0.6769847837484257 mul ((-2.608359695660207 add (-0.07492788742111674 mul x_3)))**2) sub (-0.02820588002749103 mul x_1)))) mul sin((43.98383966176715 add (-0.0002467838689482928 mul x_0)))))
feynman_test_2,ok,6,480,5,BeamBFGS,0.7135434195363692,,26.0,245.398,,0.01,(0.22438519804163193 add (((1.0774336987232924 mul (x_3 mul x_1)) sub (-7.275706255052719 mul cos(((0.9865870786389854 mul x_5) add (-0.9968628426421856 mul x_4))))) mul ((-0.13478486084222213 mul x_2) add (0.24288422518163924 mul x_0))))
feynman_test_20,ok,7,30,1,BeamBFGS,0.995036132677386,,41.0,18.053,,0.01,(1.1185678597179618 add (exp(((-241.3349118669591 mul x_5) add (52.85447979033664 mul x_1))) mul ((166.68402029457127 mul x_2) add (-280.004377531181 mul ((((322.9660131718672 mul x_0) sub (216.65055875647246 mul x_1)) sub (59.409149602807254 mul inv((110.95717714282621 add (-22.694314430820143 mul x_3))))) mul ((341.1933869557097 mul x_1) sub (685.5799051567669 mul x_4)))))))
feynman_test_3,ok,4,30,1,BeamBFGS,0.9368385660257871,,17.0,6.177,,0.01,(2.153423749571841 add (x_1 mul (((-0.9103728878004201 mul x_0) sub (-0.03883481656003193 mul (x_3 mul x_0))) add (-0.14703966119552067 mul x_2))))
feynman_test_4,ok,5,30,1,BeamBFGS,0.9354022939045977,,31.0,10.476,,0.01,(-23048.3678779558 add ((((-0.07809664848198633 mul x_3) sub (0.6983398928233777 mul x_0)) add (5725.287950427563 mul ((-2.0066756658020757 add (1.0076314803274434e-05 mul x_2)))**2)) sub ((-6039.798285743439 mul inv((-147.8138340903623 add (-467.97169740703447 mul x_1)))) add (-0.10007122621421306 mul x_4))))
feynman_test_5,ok,4,30,1,BeamBFGS,0.9863231191355839,,38.0,10.592,,0.01,(-1.0975381197228689 add ((-2.881841542344494 mul x_2) add ((((-0.003680374576167071 mul inv(((77.87000688523925 mul inv((1.7737361253828634 add (-9.883258625569077e-06 mul x_0)))) add (-1.8338169919647387 mul ((-4.892899212478566 add (-1.5940164432010898e-05 mul x_1)))**2)))) add (-0.8908004408264746 mul x_3)) add (3.3493131136990373 mul x_0)) sub (-1.958158452948629 mul x_2))))
feynman_test_6,ok,7,240,4,BeamBFGS,0.9172048696761775,,51.0,118.239,,0.01,(0.9404542925299876 add ((-0.019670862911413147 mul ((((-1.202115739670449 mul (x_2 mul (x_3 mul inv((-0.3797954649557444 add (1.3090981713070027 mul x_1)))))) add (88.10385156701827 mul inv((44.26529445065053 add (-8.647797903330172 mul x_6))))) mul ((24.554192442420895 add (-5.024296095887958 mul x_4)))**2) mul ((0.014324499341338583 mul x_2) add (-3.0812397787238113 mul (x_0 mul inv((-67.32195424696069 add (96.69393454141986 mul x_5)))))))) sub (-0.03894429552458308 mul x_1)))
feynman_test_7,ok,5,30,1,BeamBFGS,0.9796094941631648,,20.0,14.654,,0.01,(2.6617367467864086 add ((x_1 mul ((2.236894636291963 mul inv((3.022180378289675 add (-0.027810404131969182 mul (x_4 mul x_2))))) sub (0.02631358693252946 mul x_3))) mul x_0))
feynman_test_8,ok,4,30,1,BeamBFGS,0.9312337611537749,,17.0,6.604,,0.01,(0.8402718639474769 add ((((-0.14239766504717144 mul x_3) sub (-0.10197598349481629 mul x_1)) add (0.08316175500205007 mul (x_0 mul x_2))) mul x_0))
feynman_test_9,ok,5,120,3,BeamBFGS,0.8796639924011812,,35.0,52.538,,0.01,(1961.2053043357034 add ((-756.3557465296237 mul x_3) add (-3.432109631300613 mul (inv(((-34.10292506624901 mul inv((-20.157159819605532 add (2.611203902160326 mul x_2)))) add (-0.9776725928702628 mul exp(((0.28649029622059374 mul x_1) sub (-1.0750222494423556 mul x_4)))))) mul ((10.661604100199721 add (-12.804330256171957 mul x_0)))**3))))
first_principles_absorption,ok,1,30,1,BeamBFGS,0.9996229502516076,,23.0,9.814,,0.01,(-3.76010367859845 add ((0.22588176877127006 mul x_0) add ((-0.018752897905298663 mul cos((8.372075135409204 add (39.42159302637359 mul x_0)))) sub (-2.879070874351639 mul arctan((3.9747788510070405 add (-0.12863863504904854 mul x_0)))))))
first_principles_bode,ok,1,30,1,BeamBFGS,0.9995055014194529,,17.0,6.800,,0.01,(0.6051319163847599 add (exp(((0.5572568399836545 mul x_0) add (-15.866318366002156 mul inv((5.452687603979473 add (-2.5230370814459826e-08 mul x_0)))))) mul x_0))
first_principles_hubble,ok,1,480,5,BeamBFGS,0.9134163470052435,,37.0,224.936,,0.01,(476.2915574347723 add (((470.77023668385283 mul arctan((-2906.1662711351405 add (3207.898465605198 mul x_0)))) add ((499.56905877138803 mul cos(((-0.01940957330211336 mul ((5.151012608003689 add (-71.46586604118426 mul x_0)))**2) sub (65.77007990253318 mul x_0)))) sub (-245.03141344603452 mul x_0))) mul abs((-0.4401237322075346 add (0.0764806935423873 mul x_0)))))
first_principles_ideal_gas,ok,3,30,1,BeamBFGS,0.9023787004478545,,25.0,9.692,,0.01,(3.2470753433127673 add ((0.02666865509669961 mul x_0) sub ((-1.034289056703356e-05 mul inv((1.8616309770538456e-06 add (0.000130073372732958 mul (inv((-2575.8470517094356 add (20.4296354982295 mul x_1))) mul x_2))))) sub (0.001204298841914595 mul x_2))))
first_principles_kepler,ok,1,30,1,BeamBFGS,0.9999994051816321,,23.0,12.153,,0.01,(-57.26006534967566 add ((201.6864666240776 mul x_0) sub ((-112.523466624085 mul x_0) add (5.95506675161384 mul (x_0 mul ((0.5877977617861109 mul (x_0 mul x_0)) add (-20.075335855826342 mul x_0)))))))
first_principles_leavitt,ok,1,30,1,BeamBFGS,0.9680923769245211,,38.0,8.788,,0.01,(14.512661627364153 add (((372.2743074625097 mul x_0) add ((-0.8403012607847807 mul (x_0 mul abs((((-78.8997487001229 mul exp((-0.5466615987355805 add (2.0928463925164613 mul x_0)))) add (-485.86741835788496 mul x_0)) sub (560.151666642302 mul x_0))))) sub (-304.0081439150283 mul x_0))) mul abs((-0.002242351398613382 add (0.000892379187197141 mul x_0)))))
first_principles_newton,ok,3,120,3,BeamBFGS,0.3755293022403031,,13.0,29.782,,0.01,(47.93675155358326 add (((-3.849945405337558e-12 mul x_0) add (3.2049234441858265e-30 mul x_1)) add (7.483999361579825e-30 mul x_2)))
first_principles_planck,ok,2,480,5,BeamBFGS,0.9910357651956536,,33.0,186.127,,0.01,(-95.62178461339047 add (((4.6027518133435024e-10 mul abs(((0.5311444650900305 mul inv((-0.5467702237516138 add (5.201217946746544 mul x_1)))) sub (0.14345251331325684 mul abs((-1.60184891886688 add (0.953329210393535 mul x_0))))))) add (-84.66665888030802 mul x_1)) mul inv((-50.84513037431467 add (-1.119492247808564 mul x_1)))))
first_principles_rydberg,ok,2,30,1,BeamBFGS,0.9824268720732308,,26.0,9.378,,0.01,(-17.41206718810649 add ((-0.004869447724772814 mul (((-0.03487728864742241 mul x_0) sub (-0.08475815518629891 mul x_1)) mul ((1.936435251709096 add (6.336898593222991 mul x_0)))**2)) add ((0.5701373385165848 mul x_0) add (0.9381373385167627 mul x_0))))
first_principles_schechter,ok,1,30,1,BeamBFGS,0.9740587534211297,,19.0,6.615,,0.01,(-20.053562542759263 add ((-0.0002742844656828433 mul sqrt((74.49856748573754 add (1.908230174616729 mul x_0)))) add (-0.3214676392486743 mul sin((212.25808271114155 add (-60.30000082536143 mul x_0))))))
first_principles_supernovae_zg,ok,1,60,2,BeamBFGS,0.9578793926174092,,26.0,16.650,,0.01,(-126.8561447476136 add ((552.8556368856341 mul inv(((-46.250615310608005 mul x_0) add (54.11892642153408 mul abs((-7.305024428466459 add (-1.531488121047204 mul x_0))))))) add (287.69829711815424 mul inv((2.2714257294386915 add (-3.962305908922061e-06 mul x_0))))))
first_principles_supernovae_zr,ok,1,120,3,BeamBFGS,0.9221271150951675,,22.0,37.509,,0.01,(0.4009954555867488 add ((3.1258466567436813e-07 mul (x_0 mul (x_0 mul x_0))) sub ((0.007453570861102791 mul x_0) add (-253.7875431357147 mul inv((307.73348349331246 add (70.16998041585259 mul x_0)))))))
first_principles_tully_fisher,ok,1,30,1,BeamBFGS,0.9543534290658532,,23.0,7.297,,0.01,(-20.01462612523604 add ((-0.003924296798125427 mul x_0) add ((55.719905571076275 mul inv((5.129365164894932 add (0.0711355304232989 mul x_0)))) sub (-0.5484703488800121 mul cos((802.3189235994261 add (-1.9434186276804164 mul x_0)))))))
nikuradse_1,ok,2,30,1,BeamBFGS,0.9606396382870697,,21.0,7.562,,0.01,(0.5109393813746707 add (x_1 mul ((5.560660276904393 mul inv((39.927009748645794 add (1.047896015382854 mul x_0)))) sub (0.004573393932130915 mul sqrt((95.13418091222664 add (3.6488605560455487 mul x_1)))))))
nikuradse_2,ok,1,30,1,BeamBFGS,0.9719462252497402,,23.0,8.811,,0.01,(1.5633084130333992 add (((2.1155349041791425 mul arctan((-0.7567093901325619 add (1.9376242371016121 mul x_0)))) add (-0.9740123373286872 mul x_0)) sub (0.6032657411815421 mul sin((5.314219785425112 add (1.5000814171897905 mul x_0))))))
solar_flare,ok,10,240,4,BeamBFGS,0.1158747408591736,,40.0,130.871,,0.01,(0.14658478913971051 add (x_3 mul ((((0.37714144574674946 mul x_7) add (43.00095529840517 mul ((((0.03175124106480996 add (-0.02513012247344014 mul x_1)))**2 mul (((1.0647911003479016 mul x_2) add (-0.17250587857657057 mul x_5)) add (-3.0435237740289116 mul x_6))) mul x_0))) add ((-9.77 mul x_9) sub (-0.4369384048583247 mul x_8))) mul x_4)))
strogatz_bacres1,ok,2,120,3,BeamBFGS,0.9999068705806425,,21.0,47.762,,0.01,(-4.876615749073826 add ((-0.9956437605335792 mul x_0) add (0.6045085801301581 mul abs((-41.080744085069504 add (-92.44271664515634 mul (x_1 mul inv((-17.108602301648983 add (-26.90007516630193 mul x_0))))))))))
strogatz_bacres2,ok,2,30,1,BeamBFGS,0.9847221050711339,,41.0,11.255,,0.01,(5.496707384005456 add (((0.3510317204012579 mul x_0) sub (0.6019027436017755 mul (((-0.508723600523551 add (-0.8953423851240904 mul inv((((-82.89930029884113 mul x_1) sub (-4.130699701158906 mul x_1)) add (-0.6629228878651499 mul sin((-10.700017867763139 add (-0.9492667163676425 mul x_0)))))))))**2 mul x_1))) sub (0.051547734439839364 mul sin((-4.441094694226984 add (-8.697039355847505 mul x_1))))))
strogatz_barmag1,ok,2,30,1,BeamBFGS,0.9482770565334191,,22.0,9.103,,0.01,(3.1526912222214842 add (((-0.3463620982098001 mul sin((2.599423477439277 add (-1.6109346570299983 mul x_1)))) sub (0.4689259037897805 mul x_0)) add (-0.002967474835932408 mul (x_0 mul (x_0 mul x_1)))))
strogatz_barmag2,ok,2,60,2,BeamBFGS,0.9197714548551206,,19.0,17.978,,0.01,(0.26256002465487893 add ((-2.7545753529932693 mul inv((-1.9599480736915353 add (-89.19985999714963 mul x_0)))) sub (-0.93409361442231 mul cos((-1.445724378331392 add (-1.0061442473611928 mul x_1))))))
strogatz_glider1,ok,2,120,3,BeamBFGS,0.9936593205997453,,19.0,37.050,,0.01,(0.290667568888096 add ((-0.2643558888751905 mul x_0) add cos(((0.0362852212253969 mul x_0) add (3.4667232520124323 mul abs((58.417380395761604 add (0.2883300341316457 mul x_1))))))))
strogatz_glider2,ok,2,60,2,BeamBFGS,0.907912818014633,,21.0,26.161,,0.01,(1.3568219240436208 add ((0.04388187679673501 mul x_0) sub (-0.2302302082404504 mul (((-0.798595247887497 mul x_0) add (0.34828929058732155 mul cos((6.342274112964178 add (0.9971423433763954 mul x_1))))))**2)))
strogatz_lv1,ok,2,30,1,BeamBFGS,0.9982659826983595,,21.0,8.386,,0.01,(-628.0118316501885 add ((102.32834454521759 mul (x_1 mul inv((-12.40087465057103 add (1.2595314723491788 mul x_0))))) add (672.9025122664236 mul cos((19.216056749028468 add (-0.03747620940692133 mul x_1))))))
strogatz_lv2,ok,2,30,1,BeamBFGS,0.9770465370172664,,21.0,12.477,,0.01,(0.1433969277901176 add (x_0 mul ((-4.228430652347444 mul exp((0.49075788728728 add (0.7950839459920004 mul x_1)))) sub (-0.40704162249619735 mul exp((2.8236402888899446 add (0.7682781179881976 mul x_1)))))))
strogatz_predprey1,ok,2,30,1,BeamBFGS,0.9769770561697295,,20.0,8.583,,0.01,(-0.1589228952976878 add (x_0 mul (((-0.31374365230270446 mul x_1) add (0.4854872742900944 mul sqrt((35.08016289287285 add (2.504841132024236e-06 mul x_1))))) add (-0.4709312641811579 mul x_0))))
strogatz_predprey2,ok,2,30,1,BeamBFGS,0.968942676440488,,15.0,10.055,,0.01,(4.484727962801873 add (((1.5349352052673586 add (0.11138616591377908 mul x_1)))**2 mul inv((-0.6806259900192093 add (-0.3035830014575396 mul x_0)))))
strogatz_shearflow1,ok,2,240,4,BeamBFGS,0.8312645993906677,,23.0,89.238,,0.01,(-0.5094420776773034 add (((9.814817448959005 mul inv((9.265603265285094 add (63.38957856943388 mul x_1)))) add (0.6992124950517346 mul ((0.05017760642549651 add (-0.5637592175502124 mul x_1)))**2)) sub (-0.02511630393205471 mul x_0)))
strogatz_shearflow2,ok,2,240,4,BeamBFGS,0.7233660750421889,,19.0,69.689,,0.01,(-0.0004615730290211008 add ((0.13206196062956024 mul cos((-1.4626494128968586 add (-4.9512308170082795 mul x_1)))) add (0.31076377561813 mul cos((1.247665091002963 add (-0.9758305428871883 mul x_0))))))
strogatz_vdp1,ok,2,480,5,BeamBFGS,0.9568532838636511,,26.0,214.006,,0.01,(10051.277087703022 add ((-4.153816441394831 mul ((0.44422271585990775 add (-4.8528577520049545 mul (x_0 mul tan((-3.0473798111222417 add (0.09075073405320461 mul x_0)))))))**2) sub (387.5530365496639 mul inv((0.038561189106727185 add (3.501899978639671e-05 mul x_1))))))
strogatz_vdp2,ok,2,30,1,BeamBFGS,0.9998984429558888,,19.0,6.006,,0.01,(-7.152807551618515e-05 add ((x_0 mul (0.011716807215352653 mul inv((-1.0322010088766815 add (-0.0027421588589462125 mul x_1))))) mul sqrt((77.64744691657593 add (-0.11324962395721021 mul x_1)))))
