dataset,status,n_features,refinement_type,r2,rmse,complexity,expr,seconds,error,rows
1027_ESL,ok,4,NoRef,0.7426910392855111,0.7376656135370439,95,((((9.99 + sin((-0.09050000000000001 + (-93.4 * (-3.689442089095961 + (0.6641659926365366 * x_0)))))) - (-0.7260000000000001 + (-0.8340000000000001 * (-6.146798559422659 + (1.0976425998969035 * x_3))))) * ((0.887 + (0.0327 * (-3.689442089095961 + (0.6641659926365366 * x_0)))) - (0.4 + (0.061200000000000004 * (-3.1650294675520123 + (0.6187740894529837 * x_1)))))) - (((6.42 * inv(((9.86 + (-0.051300000000000005 * (-4.543727322540949 + (0.8485018342746871 * x_2)))) - ((94.8 + (-8.26 * (-4.543727322540949 + (0.8485018342746871 * x_2)))) * (4.12 + (-8.34 * (-6.146798559422659 + (1.0976425998969035 * x_3)))))))) - (-0.007899999999999999 + (0.873 * (-3.1650294675520123 + (0.6187740894529837 * x_1))))) + (0.030500000000000003 + (-0.371 * (-4.543727322540949 + (0.8485018342746871 * x_2)))))),9.146984815597534,,200
1028_SWD,ok,10,NoRef,0.02832866673280865,0.7961899131636344,142,((-0.023100000000000002 + (-6.7 * (((0.033800000000000004 + (-0.0018599999999999999 * (-2.1689364464787513 + (0.972617240573431 * x_2)))) * (((-1.83 * cos((((-5.88 + (-26.6 * (-2.6745450995191127 + (1.3046561461068844 * x_9)))) * (4.3100000000000005 + (0.00919 * (-2.8621521711176414 + (1.2806049982629268 * x_1))))) - (-0.07440000000000001 + (-0.00031999999999999997 * arctan((-7.54 + (-0.598 * inv((-30.8 + (0.5760000000000001 * (-2.9121760301824526 + (1.3867504905630728 * x_7))))))))))))) * (5.75 + (0.0845 * inv(((6.84 + (-0.48300000000000004 * sqrt(((0.00145 + (0.008969999999999999 * (-2.3736872687394746 + (1.012233376861183 * x_4)))) + (0.41300000000000003 + (-0.017400000000000002 * (-2.7885115085974532 + (1.4154880754301793 * x_0)))))))) * (0.021 + (0.00217 * (-2.5904290116544066 + (1.3421911977483971 * x_6))))))))) + ((-0.046000000000000006 + (-0.00314 * (-2.4841136395988146 + (1.2451697441598069 * x_3)))) * (0.0044399999999999995 + (0.0093 * (-2.6745450995191127 + (1.3046561461068844 * x_9))))))))**2)) - (-4.18 + (0.00514 * sqrt(((9.17 + (-0.017400000000000002 * (-2.9293890917537175 + (2.0064308847628203 * x_5)))) - (0.0012 + (-1.24 * (-2.566230515260939 + (1.2704111461687815 * x_8))))))))),9.648173570632935,,200
1029_LEV,ok,4,BFGS,1.0038260164213497e-06,0.970772400717265,108,(1.7402835437948625 + (0.0003334426055523147 * cos((((((-1.490881128154221 + (0.7665198602335326 * x_1)) * ((-0.040305806253768915 + (0.026834526095159007 * inv(((0.04922534479497429 + (-5.639816781304427 * (-1.338219395737549 + (0.6915862510271571 * x_2)))) + (((0.08659205619170873 * (-1.3777422408758337 + (0.721331016165358 * x_3))) - (0.010284655204938748 + (-7.8911039343721034 * sin((-5.228706200763622 + (92.09852212053387 * (-1.338219395737549 + (0.6915862510271571 * x_2)))))))) + (-0.014874655204927496 + (0.05249205619180708 * (-1.3777422408758337 + (0.721331016165358 * x_3))))))))) * (62.199304670503395 + (0.671259881404087 * (-1.3537592065395143 + (0.7317617332646023 * x_0)))))) * (-1.0110055741819588 + (-0.5542914924853312 * (-1.3777422408758337 + (0.721331016165358 * x_3))))) * (-0.0004493312926015416 + (0.010615970532096104 * (-1.3537592065395143 + (0.7317617332646023 * x_0))))) + (-8.837134510596949 + (-0.04835629953302943 * exp((-1.650301933471544 + (-8.84885471108407 * sin((-50.388196787610674 + (54.87295486073052 * (-1.490881128154221 + (0.7665198602335326 * x_1)))))))))))))),4.872486591339111,,200
1030_ERA,ok,4,BFGS,6.033902245627942e-07,2.007329711012746,89,(((0.4493794837598278 + (-1.594530670433734e-07 * (-1.6821592654348876 + (0.2229502008528678 * x_0)))) - (-3.119539480826765 + (1.0702387779620047e-05 * (-1.8026202153614108 + (0.2599308169230585 * x_1))))) - ((-1.2965394795999037 + (-59.46325410264625 * (((0.020824421698445544 + (0.0002769945274918457 * (-1.8026202153614108 + (0.2599308169230585 * x_1)))) - (0.020505523158038698 + (1.840002149103336e-05 * cos((-9.102981684591828 + (-6.493575145099749 * ((-0.5727839370253549 + (50.20435416679821 * ((-0.5659220718730683 + (-0.42698676848217143 * (-1.775251610451698 + (0.26918144207000727 * x_2)))))**2)))**3)))))))**2)) - (-0.5404605131481238 + (-0.9584430505405931 * (((-0.01215842105682154 + (-0.01845621866570111 * (-1.4098777764544617 + (0.21377979931075994 * x_3)))) * (0.1663974684650171 + (-97.80000537563829 * exp((-8.69947426256801 + (0.9302045102389039 * (-1.6821592654348876 + (0.2229502008528678 * x_0)))))))))**2)))),6.292927265167236,,200
1089_USCrime,ok,13,NoRef,0.7205192649335896,20.86584323828107,118,((74.4 + (-3.21 * ((-0.794 * (-33.7203149501655 + (0.034302731541010746 * x_7))))**2)) + ((82.9 + (-0.00906 * (-2.900487776971993 + (0.03615033824388323 * x_1)))) * (((-3.22 + (0.7030000000000001 * (-5.503759593019279 + (0.010475709750613781 * x_12)))) * (((0.00812 + (8.47 * arctan((((-0.7184212081070996 + (2.1103622988146054 * x_2)) - (-0.00108 + (-5.93 * (-2.891046871531103 + (0.03401231613566004 * x_4))))) + ((0.7230000000000001 + (-2.71 * (-14.0369497167738 + (0.025012762992431322 * x_6)))) + (6.22 + (-14.700000000000001 * inv((-0.00647 + (-6.26 * (-0.7184212081070996 + (2.1103622988146054 * x_2)))))))))))) * ((0.00243 + (0.003 * (-11.14550403938847 + (0.08042970825291848 * x_1)))) - (0.00116 + (0.005 * (-2.3654559044503354 + (0.02613517658353093 * x_0)))))) - (0.532 + (-0.030000000000000002 * (-9.545041630608711 + (0.09035588250525868 * x_7)))))) - (0.215 + (-0.065 * (-0.9940886672167607 + (0.009830037315208867 * x_7))))))),9.789132118225098,,47
1096_FacultySalaries,ok,4,NoRef,0.7473330153032556,2.2978295514441234,72,(((0.0043 + (1.94 * (-8.427043203926056 + (0.14480699704232594 * x_1)))) + (41.5 + (0.005 * (-9.112288776127002 + (0.17718880655098507 * x_3))))) - (((-3.6 + arctan((0.8 + (0.679 * sin(((-0.0614 + (-0.0072499999999999995 * (-0.5619514869490163 + (2.341464528954235 * x_0)))) + (-0.06960000000000001 + (-0.7170000000000001 * (-7.346234106637792 + (0.09939270487749849 * x_2)))))))))) - (-0.9510000000000001 + (93.60000000000001 * cos((46.300000000000004 + (61.2 * (-0.5619514869490163 + (2.341464528954235 * x_0)))))))) * (0.024 + (0.023500000000000004 * (-9.112288776127002 + (0.17718880655098507 * x_3)))))),4.468673467636108,,50
1191_BNG_pbc,ok,18,BFGS,6.557639986581876e-10,1070.6175458848709,163,(((3.034873384975402e-05 * (-1.1957481001996708 + (1.0821249775562631 * x_17))) - ((-1.2391483609688452 + (9.927263360529943e-05 * (-0.323994406881674 + (3.410467440859726 * x_3)))) - ((1.0287983609686042 + (0.0010933947249564201 * (-4.926494499461733 + (0.0981551901406163 * x_2)))) - ((-1.3017983609686303 + (2.553175850855517 * (-0.778529698598218 + (0.2164645227567239 * x_3)))) + (((2.8526715498790645 + (-0.778529698598218 + (0.2164645227567239 * x_3))) + (-21.548458450117344 + (-1.0812875619157147 * (-0.778529698598218 + (0.2164645227567239 * x_3))))) * ((9.712150992049379 + (-5.90227764722329e-05 * (-4.926494499461733 + (0.0981551901406163 * x_2)))) + ((99.94215099203527 + (68.80014194811592 * sin((0.6683118133268137 + (-5.392103020195342 * (-2.0 + (2.5 * x_6))))))) - (-4.545650992039012 + (13.400164826802909 * arctan(((-44.9999916849048 + (90.10120226059789 * (((-0.1398575324188913 + (62.00598585997041 * (-0.778529698598218 + (0.2164645227567239 * x_3)))) * (-51.00419553554387 + (-2.0912785977259714 * (-3.280961121737492 + (3.5857498598223954 * x_4))))))**2)) + ((15.00000831509519 + (-0.0070657698479891125 * (-0.693888666488711 + (2.135042050734495 * x_2)))) + ((-0.0004216849048049735 + (0.003800821322742544 * (-7.344633621838255 + (2.113704661057214 * x_10)))) - (57.3999916849048 + (-0.04599536246947795 * (-1.1957481001996708 + (1.0821249775562631 * x_17))))))))))))))))) + ((3.2220334192637394 + (42.39860352045337 * ((0.10050381246464037 + (-1.1055415967851332 + (2.0100756305184238 * x_0))))**2)) * (28.335643850306038 + (-1.4806004109583662e-06 * (-1.184216808250779 + (0.014324939453505742 * x_11)))))),11.375157356262207,,200
1193_BNG_lowbwt,ok,9,BFGS,0.4800112032872248,522.4849444315611,120,(((-0.6399952288545281 + (41.00000201846985 * (-0.8422598823413764 + (2.029541885159943 * x_4)))) - ((-38.400004771145476 + (-0.002836642627286641 * ((9.279998762264524 + (0.06799964872190717 * (-0.4860799579773197 + (1.7055437122011219 * x_5)))))**3)) - (((77.3999994587089 + (-0.9231403599700084 + (0.7474820728502092 * x_8))) + (-8.670000541291092 + (-0.0007392256944915445 * (((0.0877030292502752 + (-4.049949363890103 * sin(((78.5005193456837 + (-0.0011082012354045282 * ((-0.008159938846387306 + (0.08999996117506438 * (-4.7670358854990456 + (0.20452064575820186 * x_1)))))**2)) - (-0.8775193456837103 + (29.800414055815857 * (-2.1712405933672376 + (2.631806779839076 * x_7)))))))) + (85.70000302925028 + (0.36985528951757846 * tan((0.21282902828840686 + (-30.299855804922927 * (-0.2412489548185819 + (4.386344633065126 * x_6)))))))))**3))) * ((0.09580030494757899 + (0.0059912254620462495 * ((0.06779844698442383 * (-4.341145088689214 + (0.03261568031203464 * x_2))))**2)) + (-0.36989969505242104 + (-9.299941719274772 * sqrt((0.5312922993615558 + (-0.17889599155309863 * (-0.7018100265975371 + (2.126697050295567 * x_0))))))))))) - (0.5829952288545281 + (0.060202423353895335 * (-1.7565107319733801 + (1.3459852352286439 * x_3))))),14.02579379081726,,200
1196_BNG_pharynx,ok,10,NoRef,0.19897465964123273,342.8436683681137,155,((7.43 + (58.4 * abs(((-0.08600000000000001 + (-9.66 * (-0.5927489783638191 + (2.279803762937766 * x_9)))) - (0.00838 + (4.41 * sin(((0.00675 + (-2.2800000000000002 * (-1.3193830297679 + (0.5890102811463838 * x_0)))) + (((2.1 + (-1.3076038098835963 + (1.5659925866869417 * x_3))) - ((0.931 + (0.398 * (-1.020204061220407 + (2.000400120040014 * x_2)))) + (9.25 + (-0.00037999999999999997 * (-1.4913495697629222 + (1.021472308056796 * x_8)))))) * ((0.0388 + (5.63 * (-1.3184242770282357 + (1.2437964877624863 * x_6)))) - ((((-89.4 + (-0.5927489783638191 + (2.279803762937766 * x_9))) - (-0.00705 + (0.5680000000000001 * (-5.275654998591812 + (0.08600904883651646 * x_4))))) * (0.0646 + (-50.800000000000004 * (-1.6870547845739468 + (2.279803762937766 * x_1))))) + (0.0052499999999999995 + (9.18 * inv((-0.039 + (0.93 * (-5.275654998591812 + (0.08600904883651646 * x_4)))))))))))))))))) + ((((-0.859 + (-74.4 * (-0.9685432901733048 + (1.0249135345749258 * x_7)))) + (0.032 + (69.5 * tan((-0.0485 + (-5.1000000000000005 * (-0.4676211227230167 + (1.585156348213616 * x_5)))))))) - (-0.00312 + (-82.60000000000001 * (-1.4913495697629222 + (1.021472308056796 * x_8))))) * (0.42000000000000004 + (-0.008159999999999999 * (-5.275654998591812 + (0.08600904883651646 * x_4)))))),12.416307210922241,,200
1199_BNG_echoMonths,ok,9,BFGS,0.02308417814214947,15.32759822734068,152,(23.71421458826949 + (-2.586566577610958e-05 * ((((-2.9940244010816706 + (-6.144619844916314 * (-0.7018100265975372 + (2.1266970502955673 * x_0)))) * (-0.061597523908095836 + (-9.404846828930063 * (-7.068403061162645 + (0.11366866615016445 * x_1))))) - (63.33688087861084 + (-175.50909330703035 * inv((1.239581427763124 + (-0.007662548621653545 * ((((0.1855633511361278 + cos(((50.64101517278278 + (9.807398434065382 * (-0.4525696378552518 + (2.66217434032501 * x_2)))) * ((((-92.22865038102964 + (-6.471877496720018 * (-3.0702386426579005 + (2.0989423382322308 * x_7)))) - (0.3646499651291363 + (0.3072196757017313 * (-0.5850486126764433 + (2.29430828500566 * x_8))))) - (-0.10174944338297429 + (58.97348055864573 * (-2.7393118696321914 + (0.1834262746734647 * x_6))))) * (-0.00812564003850347 + (0.7312436285674757 * (-1.7077351386697883 + (0.1433472945228545 * x_4)))))))) + (0.22865350984162164 + (-0.8797448171183592 * (-6.139712387609727 + (1.3064991268887023 * x_5))))) * ((-0.28771943698135255 + (-3.2250420584696697 * (-0.7018100265975372 + (2.1266970502955673 * x_0)))) - (0.7353898335042388 + (-0.8226061418884592 * inv((0.17229863711245064 + (-0.763223528177849 * inv((0.9760965455765506 + (0.1929747666865273 * inv(((-2.2366653507052567 + (-1.845965208606344 * (-0.4525696378552518 + (2.66217434032501 * x_2)))) + ((6.574034814317559 + (-0.5026477068795497 * (-2.050416905868444 + (9.294535034379726 * x_3)))) - (1.5519654252324364 + (1.1262184512999134 * (-7.068403061162645 + (0.11366866615016445 * x_1))))))))))))))))))**3)))))))**2)),10.841168880462646,,200
1201_BNG_breastTumor,ok,9,BFGS,0.00453001739916703,10.57007164019059,111,(((((-0.5388159060803247 + (2.3947373603569986 * x_3)) + ((-1.9303348926197827 + (-54.12322873370079 * sin((93.17104096361888 + (-0.749436783737264 + (0.22607444456629383 * x_2)))))) * (0.021424890055981274 + (0.006166107243024129 * cos((3.818831099853881 + (-26.74580010984729 * (-0.933007822647968 + (1.6963778593599417 * x_1))))))))) + (68.9592384500942 + (0.007209145416006277 * inv((((-0.009299988673801378 + ((77.80000177474048 + (1.950000545485639 * (-0.75 + (2.0833333333333335 * x_8)))))**2) - (-47.40000001132616 + (-15.399999994466102 * (-1.2500406497455434 + (0.8064778385455118 * x_6))))) * ((-0.10891747739856077 + (0.02772354987935113 * (-1.6200683918739798 + (1.270641875979592 * x_4)))) * (0.7000000346810648 + (31.80000220114817 * abs((-0.4829993037422545 + (-79.8000008813634 * (-0.6081636405595373 + (2.2524579279982864 * x_7))))))))))))) + (164.60293844826907 + (-0.052741906668850966 * cos((3.2211664320471143 + (-4.42552950243441 * (-5.513793854744495 + (0.10828748668207969 * x_0)))))))) * (0.10499491286672494 + (-2.3247113399931416e-05 * (-1.061913167103641 + (2.0036097492521527 * x_5))))),11.72846007347107,,200
1203_BNG_pwLinear,ok,10,NoRef,0.26605730683686946,3.75967917350003,176,((-0.0075699999999999995 + (-0.029 * sqrt((78.2 + (0.103834826330233 + (1.2979353291279123 * x_9)))))) * (((8.8 * (-0.07017213284715496 + (1.0024590406736422 * x_0))) - ((0.063 + (8.73 * cos((0.628 + (-32.9 * inv((0.007699999999999999 + (-0.006549999999999999 * (-0.3106848830006 + (1.2427395320024 * x_5)))))))))) - ((0.013200000000000002 + (0.732 * (-0.0689883074727411 + (1.1498051245456848 * x_7)))) - (0.09670000000000001 + (0.5800000000000001 * inv((0.00157 + (8.05 * (-0.0689883074727411 + (1.1498051245456848 * x_7)))))))))) + (((0.00712 + (-0.032157832069216574 + (1.286313282768663 * x_4))) + ((-0.0010999999999999998 + (0.501 * (0.10854662075011276 + (1.1425960078959239 * x_8)))) - ((0.8580000000000001 + (-6.4 * (-0.012127673025267264 + (1.2127673025267265 * x_2)))) + ((((-0.0512 + (0.23480352857641618 + (1.2692082625752226 * x_1))) - (-0.659 + (-1.41 * exp((0.0178 + (0.9430000000000001 * (0.23480352857641618 + (1.2692082625752226 * x_1)))))))) * ((-0.0013499999999999999 + (-0.024800000000000003 * arctan((-44.6 + (0.00241 * (0.10854662075011276 + (1.1425960078959239 * x_8))))))) - ((0.8200000000000001 + (-0.266 * (-0.018397292771819163 + (1.2264861847879442 * x_3)))) - (-2.93 + (-0.030900000000000004 * (0.07462778926574919 + (1.2437964877624865 * x_6))))))) - (0.507 + (0.0036 * (0.10854662075011276 + (1.1425960078959239 * x_8)))))))) * (-0.078 + (-0.315 * tan((-0.1 + (3.12 * (-0.018397292771819163 + (1.2264861847879442 * x_3)))))))))),10.290406942367554,,200
1595_poker,ok,10,BFGS,0.0002079846345598435,1.8796382708111707,122,(0.42875337752393095 + (-62.098084845171556 * inv((((-16.148810413201467 + (-4.969671641637408 * arctan(((-8.425935016036565 + (2.3751366178719002 * abs(((-3.1408473554222005 + (-18.165554783816187 * (-2.255306647257317 + (0.8879160028572115 * x_2)))) * (-28.420022417777965 + (0.4625317116766947 * (-1.9821888119854005 + (0.27918152281484515 * x_7)))))))) - ((-1.3273149839552638 + (3.197872002669364 * (-2.263282788250694 + (0.9017062901397188 * x_6)))) - (1.3279549839539748 + (-65.31318384191249 * cos(((10.001217722192452 + (-0.11912960713272974 * ((-0.07186316104436961 + (-2.0021419904536457 + (0.26240393059680805 * x_5))))**2)) * (((-60.60395115445918 + (0.06846981672579239 * (-1.7424192597585042 + (0.25399697664118137 * x_9)))) * ((-0.3713738107594075 + (-0.20514457686547657 * (-1.751254141624046 + (0.2550989281316891 * x_1)))) - (13.672373810827654 + (-0.7877588511861382 * (-2.2966405262456084 + (0.9024127804501408 * x_8)))))) - (0.01650629001709729 + (-0.1374492680845896 * (-2.457674242915606 + (0.901898804739672 * x_4)))))))))))))) + (-16.053510413329178 + (0.33872337273919195 * (-1.7464386746997875 + (0.2610521187892059 * x_3))))) - (75.80051041353222 + (0.16645063616560393 * (-2.2587053892816185 + (0.9016787981164146 * x_0)))))))),10.916802883148193,,200
192_vineyard,ok,2,NoRef,0.5200031663778517,3.0151220108057593,82,(((0.0956 + (1.75 * abs((-10.3 + (-0.875 * (-1.7076703227012184 + (0.5208144092695798 * x_0))))))) - (0.083 + (40.6 * inv((0.00324 + (67.5 * sin(((-0.10500000000000001 + (7.45 * (-4.169458226011473 + (0.431896071220312 * x_1)))) + (18.900000000000002 + (0.00556 * (-4.169458226011473 + (0.431896071220312 * x_1)))))))))))) - (((-0.6900000000000001 + (-4.169458226011473 + (0.431896071220312 * x_1))) * (0.00422 + (0.33 * (-1.7076703227012184 + (0.5208144092695798 * x_0))))) * (0.5700000000000001 + (1.42 * sqrt((0.0073 + (7.09 * ((0.9520000000000001 + (-0.81 * (-1.7076703227012184 + (0.5208144092695798 * x_0)))))**2))))))),6.2256553173065186,,52
197_cpu_act,ok,21,NoRef,0.7401939618016972,8.516871046778588,165,((-0.9500000000000001 + (0.87 * (-0.7249903137898093 + (0.0004731494315864483 * x_19)))) + (((-0.29600000000000004 + (-4.7 * sin(((-3.23 + (0.05840000000000001 * inv((-0.525 * (-0.1768076660926582 + (0.011662390162363465 * x_18)))))) + (-3.66 + (-0.782 * cos((-21.7 + (-6.53 * ((-11.8 + (-0.0757 * (-0.9868709202716014 + (0.0099244698045493 * x_16)))))**3))))))))) + (((-0.384 + (-1.06 * sqrt((7.8100000000000005 + (0.00487 * inv(((7.5200000000000005 + (-2.47 * (-0.464313047955479 + (0.19008578591532133 * x_6)))) + (-0.00497 + (-82.8 * (-0.43186038059261744 + (0.07181872905978882 * x_10))))))))))) * (-0.862 + (1.11 * (-0.999689743626646 + (0.00600128972870826 * x_17))))) - ((-0.8370000000000001 + (-2.7800000000000002 * (-3.247101633634574 + (2.50655966174019e-06 * x_20)))) - ((0.00802 + (0.552 * (-0.1768076660926582 + (0.011662390162363465 * x_18)))) * ((((-0.809 + (-3.247101633634574 + (2.50655966174019e-06 * x_20))) * (-0.195 + (-0.00926 * (-0.7249903137898093 + (0.0004731494315864483 * x_19))))) * (0.0009699999999999999 + (0.00682 * (-0.36463952920060744 + (0.03243315947267479 * x_11))))) + ((0.0942 + (-0.42400000000000004 * (-0.464313047955479 + (0.19008578591532133 * x_6)))) + (-20.7 + (-1.35 * (-0.5377360366120698 + (0.22835256385635588 * x_6)))))))))) - (-82.3 + (2.32 * (-0.7437521549138809 + (0.45419978857840837 * x_5)))))),11.323352575302124,,200
201_pol,ok,48,NoRef,nan,nan,145,(3.19 + (37.2 * exp((-0.00312 + (-8.15 * exp((((8.38 * (-5.065595848537964 + (0.05463325979872697 * x_18))) * (6.74 + (-0.00904 * (-5.769059494123129 + (0.06923979229624494 * x_18))))) + ((0.09340000000000001 + (0.009049999999999999 * (-inf + (inf * x_2)))) * (((-0.22 + (89.9 * (-0.49211604910330353 + (0.058936053784826775 * x_18)))) - (((0.0033599999999999997 * (-5.769059494123129 + (0.06923979229624494 * x_18))) + ((23.1 + (-0.003 * (-4.785511477960315 + (0.062161609118143994 * x_18)))) - (((-5.67 + (0.09280000000000001 * (-0.3464909255156472 + (0.08873007055458315 * x_20)))) * ((-0.9480000000000001 + (0.161 * (-0.3464909255156472 + (0.08873007055458315 * x_20)))) + ((-0.00673 + (-0.154 * (-inf + (inf * x_0)))) + (20.6 + (-7.72 * (-0.3343788142067963 + (0.10786413361509559 * x_19))))))) - (5.13 + (3.3000000000000003 * (-inf + (inf * x_0))))))) + ((0.00791 + (5.0 * (-inf + (inf * x_1)))) + (72.0 + (46.4 * (-0.49211604910330353 + (0.058936053784826775 * x_18))))))) - (-6.8500000000000005 + (-0.018000000000000002 * (-inf + (inf * x_3))))))))))))),6.953197002410889,,200
210_cloud,ok,5,NoRef,0.8738378080601739,0.3808311984040132,97,((((26.8 + (-1.0570827394885711 + (0.7017329636726495 * x_2))) * ((-4.03 + (1.73 * abs((-5.97 + (-1.6400000000000001 * (-1.3542915032506988 + (1.1265769290074164 * x_3))))))) - (-0.602 + (-2.04 * (-1.0570827394885711 + (0.7017329636726495 * x_2)))))) * (0.005719999999999999 + (-0.0918 * inv(((-0.49000000000000005 + (-19.900000000000002 * inv(((-0.0007999999999999999 + (-45.1 * (-1.4231307757262779 + (0.9371836815758414 * x_1)))) - (44.4 + (38.9 * (-1.349156164026494 + (0.6152466562861073 * x_4)))))))) - ((0.006529999999999999 + (-0.0727 * (-1.4231307757262779 + (0.9371836815758414 * x_1)))) - (0.0531 + (-90.60000000000001 * tan((0.672 + (9.47 * (-1.0 + (2.0 * x_0))))))))))))) + (-0.07690000000000001 + (0.1 * (-1.0570827394885711 + (0.7017329636726495 * x_2))))),6.053127765655518,,108
215_2dplanes,ok,10,NoRef,0.7041545580153107,2.5307067949826627,127,(((0.06280000000000001 + (0.54 * (0.07603639459945774 + (1.1697906861455036 * x_4)))) + ((((-3.94 + (-0.08057455696049687 + (1.2396085686230287 * x_8))) - (7.03 + (-2.5100000000000002 * (0.07603639459945774 + (1.1697906861455036 * x_4))))) * ((-0.48000000000000004 + (59.300000000000004 * (0.02000400120040014 + (1.000200060020007 * x_0)))) - ((0.008 + (-0.019600000000000003 * (-0.03114373299321498 + (1.2457493197285991 * x_6)))) + (0.00958 + (21.400000000000002 * cos(((-10.4 + (0.07060000000000001 * (-0.030001500112509377 + (1.200060004500375 * x_7)))) * (-0.057800000000000004 + (1.0 * (-0.16290204253291504 + (1.2066817965401115 * x_3))))))))))) * (-0.0070799999999999995 + (-0.00394 * cos(((-0.051100000000000007 + (0.07300000000000001 * (-0.0 + (1.2038585308576921 * x_2)))) + (4.05 + (0.044800000000000006 * (-0.03114373299321498 + (1.2457493197285991 * x_6)))))))))) - (((-0.0096 + (-0.7150000000000001 * (-0.03138824102871723 + (1.2555296411486891 * x_1)))) * (2.09 + (0.40700000000000003 * (0.02500781616401777 + (1.2503908082008883 * x_9))))) - (-0.0679 + (0.936 * (0.047524845652175754 + (1.1881211413043937 * x_5)))))),9.595253229141235,,200
218_house_8L,ok,8,BFGS,4.29623528449552e-05,40527.38501855567,119,(((46.66522152390805 + (-1.2420794631854704 + (7.280171385208041 * x_5))) - (-46.6676215146943 + (-1.354453722185177 * abs((((0.13026245853179275 * log((44.39280428436152 + (-8.051727895827435 + (16.731591247493967 * x_2))))) * ((((-86.44456611639762 + ((0.3194967550866531 * (-8.745399041277315 + (1.4579020752294582 * x_6))))**2) + (-4.346305700243052 + (-0.0007452143764412813 * inv((-18.712996090296308 + (76.7977790513059 * (-7.96909359589554 + (11.183243963289556 * x_3)))))))) * (-73.03768870673393 + (-0.04364383663735956 * (-1.5037336233963396 + (3.0832213967881748 * x_7))))) - (2401.3650049774506 + (12.889940299781435 * cos(((23.55947507305934 + (-13.520779544457612 * (-0.3762519483828514 + (8.305362235129161 * x_4)))) * (-4.967782882961254 + (11.141388387052821 * (-8.051727895827435 + (16.731591247493967 * x_2)))))))))) + (2770.0097859926645 + (0.0029327513312899707 * ((-671.6506467280999 + (-48.71033985330688 * inv((0.009897491360377214 + (-1.6057558363515254e-07 * sin((-2.278928183990262 + (67.0800966986967 * (-0.2735558448495786 + (0.00011731984031014947 * x_0)))))))))))**2))))))) * (0.3665188052172025 + (-3.5615661330974132e-06 * (-0.4354479563349125 + (54.54681096758018 * x_1))))),12.288984298706055,,200
225_puma8NH,ok,8,NoRef,0.002335614610613601,5.617724042621368,129,((-2.0300000000000002 + (-6.94 * arctan(((((72.60000000000001 + (-0.0055899999999999995 * sqrt((0.0081 + (-0.09090000000000001 * exp((-84.7 + (50.2 * arctan(((4.32 + (-9.5 * (-0.06585661692848528 + (0.8959411617355382 * x_2)))) * (-0.0024 + (-6.7 * exp((-0.234 + (0.452 * log((2.42 + (0.00822 * (-0.07572364437013104 + (0.9138359759094098 * x_3)))))))))))))))))))) * (-0.009349999999999999 + (9.66 * inv(((-9.0 + (-94.0 * (-0.06585661692848528 + (0.8959411617355382 * x_2)))) * (54.7 + (-0.0011099999999999999 * (-0.031097369547192274 + (0.9193982774372316 * x_5))))))))) - (0.095 + (-0.366 * (-0.01549372006853783 + (0.9102782276193362 * x_0))))) - (0.0635 + (0.00679 * (-0.0263697467348816 + (2.836613933023496 * x_7)))))))) - (0.07350000000000001 + (0.0039 * ((((-6.8 + (1.95 * (-0.022023529833178766 + (0.8877592340102415 * x_4)))) - (-0.09570000000000001 + (-26.0 * (-0.07710723083161697 + (0.9234518833549156 * x_1))))) - (1.32 + (0.00827 * (-0.09681685113891113 + (2.9689157921727203 * x_6))))))**2))),12.49318552017212,,200
227_cpu_small,ok,12,NoRef,0.6583291561223787,9.76696005751967,148,((-0.0072499999999999995 + (-0.06770000000000001 * (-3.247101633634574 + (2.50655966174019e-06 * x_11)))) - (((((17.8 + (-0.1768076660926582 + (0.011662390162363465 * x_7))) - (-4.1 + (0.00895 * ((-0.0386 + (0.771 * (-0.8192594694582853 + (3.8942280908389454e-06 * x_7)))))**2))) * (0.43 + (0.0795 * (-0.8192594694582853 + (3.8942280908389454e-06 * x_7))))) + (((0.558 + (3.41 * (-0.7437521549138809 + (0.45419978857840837 * x_3)))) + (-78.4 + (0.052000000000000005 * (-0.5377360366120698 + (0.22835256385635588 * x_0))))) - (-0.265 + (-0.008409999999999999 * (-0.7249903137898093 + (0.0004731494315864483 * x_10)))))) - (((20.8 + (-2.58 * (-1.6051501816977083 + (0.000677395744283909 * x_2)))) - (0.21400000000000002 + (0.00924 * (((((0.26 + (-1.332304434001224 + (0.006132868873141336 * x_3))) + (72.4 + (-0.0261 * (-0.8192594694582853 + (3.8942280908389454e-06 * x_7))))) * ((-0.109 + (0.259 * cos((99.0 * (-0.4098151912115371 + (0.02006930417294501 * x_0)))))) + (-0.00049 + (0.299 * (-3.247101633634574 + (2.50655966174019e-06 * x_11)))))) + (2.45 + (0.0357 * (-1.14443345895351 + (0.0074183798467201 * x_4))))))**2))) - (-1.24 + (0.009729999999999999 * (-0.5377360366120698 + (0.22835256385635588 * x_0))))))),12.01641058921814,,200
228_elusage,ok,2,NoRef,0.7048133515222952,12.925282125108252,77,((-5.83 + (0.124 * (((0.031400000000000004 + (-4.22 * (-3.494368107086116 + (0.06492913712491094 * x_0)))) - (-19.0 + (-3.19 * sin(((((2.67 + (-3.494368107086116 + (0.06492913712491094 * x_0))) - (-7.1000000000000005 + (-0.006 * (-1.588178110693536 + (0.281773535768208 * x_1))))) * (80.5 + (-1.98 * (-3.494368107086116 + (0.06492913712491094 * x_0))))) + ((-98.0 + (-0.402 * (-3.494368107086116 + (0.06492913712491094 * x_0)))) - (-81.0 + (0.0636 * (-1.588178110693536 + (0.281773535768208 * x_1)))))))))))**2)) + (-0.008499999999999999 + (0.0796 * (-3.494368107086116 + (0.06492913712491094 * x_0))))),8.901034832000732,,55
229_pwLinear,ok,10,NoRef,0.6729165545187854,2.552732094600308,155,((((-83.3 * (-0.0708881205008336 + (1.2888749181969743 * x_4))) - (((((((0.512 * (0.047863877241182545 + (1.1965969310295634 * x_8))) - (0.753 + (0.0026899999999999997 * (0.024260699053001707 + (1.2130349526500854 * x_3))))) + (((-9.77 + (0.0012 * (0.07877919836271194 + (1.2119876671186451 * x_9)))) * (-0.125 + (4.6000000000000005 * tan((0.00547 + (6.7 * abs((-0.923 + (-47.0 * (-0.12885860791431716 + (1.227224837279211 * x_5))))))))))) - (0.0719 + (93.4 * (-0.07017213284715496 + (1.0024590406736422 * x_0)))))) - ((-0.303 + (8.65 * (0.13630961003872036 + (1.1853009568584378 * x_2)))) + ((4.98 + (-0.0374 * (0.13630961003872036 + (1.1853009568584378 * x_2)))) * (0.0274 + (-7.32 * (0.1308442961026054 + (1.2461361533581465 * x_1))))))) - (0.906 + (-35.5 * (-0.12885860791431716 + (1.227224837279211 * x_5))))) + ((-0.616 + (30.2 * (0.024260699053001707 + (1.2130349526500854 * x_3)))) * (-0.0033599999999999997 + (0.08370000000000001 * (-0.12885860791431716 + (1.227224837279211 * x_5)))))) - (0.009 + (-33.4 * (0.1308442961026054 + (1.2461361533581465 * x_1)))))) + (-0.29000000000000004 + (-25.2 * (0.024625761678892605 + (1.2312880839446303 * x_6))))) * (-0.021900000000000003 + (0.00052 * (-0.029787773436724965 + (1.1915109374689985 * x_7))))),24.190683603286743,,200
230_machine_cpu,ok,6,NoRef,0.8726237968480651,58.26619755736509,130,(0.735 + (0.009779999999999999 * ((((-0.36000000000000004 + (0.08600000000000001 * (-0.7692023071461158 + (0.003791788953692772 * x_0)))) * ((9.22 + (91.4 * (-1.0157486231470525 + (8.41758769093056e-05 * x_2)))) + ((-0.00722 + (68.8 * sin((-54.800000000000004 * (-0.7169976175893781 + (0.03797656872825096 * x_5)))))) + (5.48 + (-0.07200000000000001 * inv((-2.95 + (0.8500000000000001 * ((81.2 + (-5.84 * (-0.7047263654341995 + (0.14485639577270287 * x_4)))))**2)))))))) - (-6.3100000000000005 + (6.72 * sqrt(((0.226 + (0.893 * abs((((-1.26 + (0.8470000000000001 * (-0.7047263654341995 + (0.14485639577270287 * x_4)))) - (-0.0809 + (75.4 * (-0.7539783429454673 + (0.00025457276565311854 * x_1))))) - (58.300000000000004 + (-9.82 * inv((((-3.4 * (-1.0157486231470525 + (8.41758769093056e-05 * x_2))) * (-0.609 + (1.86 * (-0.7692023071461158 + (0.003791788953692772 * x_0))))) + (-1.18 + (-5.23 * (-1.0157486231470525 + (8.41758769093056e-05 * x_2)))))))))))) + (93.8 + (88.60000000000001 * (-0.6323138508124196 + (0.02430107036173788 * x_3))))))))))**2)),13.737513303756714,,200
294_satellite_image,ok,36,NoRef,0.03995701502173743,1.044218761210354,141,(3.0 + (0.41200000000000003 * inv(((-0.00815 + (37.2 * exp(((((-0.07490000000000001 + ((-3.31 * (-7.684421623870897 + (0.07580941768727763 * x_22))))**2) + (0.096 + (6.8 * (-5.635523493495556 + (0.05940258768309851 * x_14))))) * ((-5.5200000000000005 + (52.9 * (-8.176326523518961 + (0.07956333891421166 * x_14)))) + (((0.27 * (-7.629648418385702 + (0.07509866054811458 * x_10))) * ((-7.74 + (0.0714 * (-8.01940646953219 + (0.07866790729382175 * x_18)))) * (6.5 + (-0.384 * (-9.139993391142985 + (0.11346981242883905 * x_11)))))) + (51.0 + (-0.00985 * (-8.595128951572457 + (0.10649397784131405 * x_19))))))) + (0.005869999999999999 + (-4.25 * (-7.9418752579862 + (0.0780873630400295 * x_34)))))))) - ((-0.23800000000000002 + (-0.001 * (-8.056407329994496 + (0.09978828674050283 * x_23)))) * ((1.7 + (-0.0902 * (-8.056407329994496 + (0.09978828674050283 * x_23)))) + ((-0.05160000000000001 + (0.0229 * cos((1.95 * (-8.01940646953219 + (0.07866790729382175 * x_18)))))) + ((0.005719999999999999 + (-0.008159999999999999 * (-7.779216143303448 + (0.07609523763380072 * x_6)))) - (0.0028499999999999997 + (-0.0853 * (-5.635523493495556 + (0.05940258768309851 * x_14)))))))))))),9.452491044998169,,200
344_mv,ok,10,NoRef,0.967639799015901,1.7234921736588464,109,(((0.07 + (-0.07 * (0.9175113942281458 + (0.09481017314613248 * x_5)))) * ((-80.0 + (50.0 * arctan(((-4.0 + (7.0 * (-0.5619514869490163 + (2.341464528954235 * x_7)))) - (1.0 + (0.01 * inv(((0.060000000000000005 + (0.09000000000000001 * (-0.6964409092807232 + (1.5476464650682737 * x_2)))) + ((0.060000000000000005 + (0.09000000000000001 * (8.731675768609247 + (0.6975312065809712 * x_1)))) + ((0.6 + (0.030000000000000002 * (-2.4616167895905274 + (0.008477159847985765 * x_8)))) + (0.060000000000000005 + (0.01 * (-19.94909374672912 + (0.018109774499670123 * x_9)))))))))))))) + (20.0 + (0.01 * (0.07176828705486599 + (1.6917112741967857 * x_4)))))) - ((0.0003 + (-0.030000000000000002 * (-0.08262425328176871 + (0.3485338209019501 * x_0)))) * ((81.3 + (-0.3 * (1.3389884173455886 + (0.3190495684869531 * x_3)))) + (0.1 + (-0.1 * (-0.7257530966188903 + (2.1036321641127254 * x_6))))))),12.985983610153198,,200
4544_GeographicalOriginalofMusic,ok,117,NoRef,0.3474795742829143,0.8464201738750863,132,((((((((3.92 + (0.08020000000000001 * (-0.17308351816695203 + (0.8309780074535965 * x_74)))) * (-7.390000000000001 + (-0.08850000000000001 * (-0.12914525632736246 + (0.8826906767839632 * x_99))))) - (-0.0912 + (-0.135 * (-0.1079810520577211 + (0.9891263880626897 * x_100))))) + ((32.8 + (-4.03 * (-0.10359411412446166 + (0.8279342891647152 * x_98)))) - (-2.45 + (-8.15 * cos((((44.4 + inv((-0.20900000000000002 + (-61.6 * (-0.12914525632736246 + (0.8826906767839632 * x_99)))))) - (0.9690000000000001 + (0.00357 * (-0.09128749574918786 + (0.9280292722398592 * x_71))))) * (0.267 + (99.9 * (-0.17308351816695203 + (0.8309780074535965 * x_74)))))))))) - (0.06570000000000001 + (-2.42 * (-0.07658934418944248 + (0.9059039556535803 * x_97))))) * (-0.0855 + (-0.032 * (-0.12532811090486334 + (0.8909665660487458 * x_102))))) + ((0.9870000000000001 + (0.00785 * (-0.14447824963397243 + (0.8677797580712742 * x_73)))) + (-0.00705 + (0.38 * (-0.08840898419146478 + (0.9155162283673939 * x_70)))))) - (-0.00915 + (-0.36200000000000004 * arctan((6.640000000000001 + (81.2 * (-0.08396463080907057 + (0.9330183877149715 * x_101)))))))),9.669375896453857,,200
485_analcatdata_vehicle,ok,4,NoRef,0.11161270745042629,265.19603303883036,49,(30.0 + (0.09000000000000001 * (((0.01 + (-60.0 * (-1.0 + (2.0 * x_0)))) + ((30.0 + (-30.0 * sin(((0.9 + (-0.9 * (-1.0 + (2.0 * x_2)))) * (-6.0 + (0.2 * (-1.4638501094227998 + (0.5855400437691199 * x_3)))))))) + (0.01 + (0.01 * (-1.0 + (2.0 * x_1)))))))**2)),11.355462312698364,,48
503_wind,ok,14,NoRef,nan,nan,171,(((-0.030300000000000004 * (-2.3526484768873184 + (0.1941585663264014 * x_3))) * (0.00326 + (-40.5 * sin((-0.402 + (7.29 * inv(((0.736 + (0.9890000000000001 * inv((-44.2 + (31.1 * sqrt(((8.620000000000001 + (-0.9500000000000001 * (-2.042499402679994 + (0.29085696370651126 * x_6)))) * (98.2 + (-3.7800000000000002 * (-2.640854982630517 + (0.2666412540415966 * x_12))))))))))) * ((12.4 + (0.0059 * (-2.165913599278709 + (0.23069734923227295 * x_3)))) - (0.00498 + (0.543 * (-2.291597964891263 + (0.2511918320996554 * x_10))))))))))))) + ((0.05210000000000001 + (0.09490000000000001 * log(((0.0005499999999999999 + (61.800000000000004 * abs(((-6.83 + (0.07400000000000001 * (-2.1441798161620977 + (0.2713327363192592 * x_7)))) + ((-0.00543 + (-0.389 * ((0.00567 + (-inf + (inf * x_0))))**2)) * (0.9820000000000001 + (23.400000000000002 * (-2.042499402679994 + (0.29085696370651126 * x_6))))))))) * (4.17 + (0.335 * (-2.513022165302214 + (0.271882351164495 * x_11)))))))) * (((0.6920000000000001 * (-2.486325865319806 + (0.23004814711231064 * x_7))) - ((-0.095 + (-4.6000000000000005 * (-2.640854982630517 + (0.2666412540415966 * x_12)))) - ((-9.870000000000001 + (-5.07 * cos((9.59 * (-2.486325865319806 + (0.23004814711231064 * x_7)))))) + (6.66 + (0.00643 * (-2.513022165302214 + (0.271882351164495 * x_11))))))) + (22.5 + (-0.0719 * (-2.5265815715791597 + (0.18022616339542588 * x_13))))))),11.566717863082886,,200
505_tecator,ok,124,NoRef,0.9535561023115858,2.7283788814558414,157,(((-0.0475 * (-5.719170923637777 + (1.8143545444452047 * x_42))) + ((2.02 + (-0.35200000000000004 * (-5.929898533411473 + (0.33311229362537514 * x_123)))) - ((-0.047400000000000005 + (0.7010000000000001 * (-5.929898533411473 + (0.33311229362537514 * x_123)))) * ((-0.00864 + (-0.456 * tan(((-0.004229999999999999 + (-0.00399 * (-0.07871269318647982 + (0.9675989485202225 * x_103)))) + (0.00585 + (-8.39 * (-5.6788133969517265 + (1.8095031190281563 * x_41)))))))) + ((0.00227 + (0.464 * (-5.665303164015302 + (1.844839179334812 * x_37)))) - (-2.94 + (0.35000000000000003 * (0.007242114849368209 + (0.979147272322125 * x_102))))))))) + ((-0.127 + (-0.133 * (-5.651609718013817 + (1.8301171113879862 * x_38)))) - ((((-0.043300000000000005 + (1.5 * (-6.461537569752442 + (0.10145811457276666 * x_122)))) * (7.01 + (-0.0995 * (-5.646998937481421 + (1.818278742877441 * x_39))))) - (4.32 + (1.1500000000000001 * sin(((0.07600000000000001 + (0.75 * (-5.6550773163191455 + (1.8109617237273723 * x_40)))) * (0.39 + (-73.2 * inv((0.0644 + (0.997 * (-0.07871269318647982 + (0.9675989485202225 * x_103)))))))))))) - ((-28.400000000000002 + (0.09690000000000001 * (-5.651609718013817 + (1.8301171113879862 * x_38)))) * (0.00037999999999999997 + (-0.39 * cos((0.00411 + (-0.003 * (-5.651609718013817 + (1.8301171113879862 * x_38))))))))))),13.886634588241577,,200
519_vinnie,ok,2,NoRef,0.6312797173953137,1.8379520508193605,24,((6.0 + (2.4 * (-3.050344651934337 + (0.22536717044213794 * x_1)))) + (0.5 + (-0.6 * tan((0.02 + (5.0 * (-128.04990782468957 + (1.4940774496784266 * x_0)))))))),6.411724090576172,,200
522_pm10,ok,7,BFGS,8.579162535937712e-08,0.8713855796299197,134,(3.3254997381552225 + (2.165412078502364e-09 * sqrt((((0.011510034062237098 + abs(((((-79.19984716360878 + (-7.079162907839687 + (0.987710095069961 * x_0))) - (0.017847163608754584 + (0.04086100485324551 * (-0.19671235889801858 + (0.1523720850826871 * x_1))))) * (-4.377107646589227 + (-0.4188636703707976 * (-1.6816570543158895 + (0.011591759038935135 * x_4))))) - (((57.70012587861913 + (-1.5591481867057306 + (0.005027969450348218 * x_6))) * (-0.09912649986292053 + (22.399706669014353 * (-0.12981253370068688 + (0.9947320404949649 * x_3))))) * ((-0.05372238678653528 + (17.599671340076878 * inv((((-1.6816570543158895 + (0.011591759038935135 * x_4)) + (0.20359243087889206 + (-81.51996368824285 * cos((0.6345943174068794 + (-4.9579338311158985 * (-0.19671235889801858 + (0.1523720850826871 * x_1)))))))) + (-9.096707569121104 + (-7.958219952590622 * (-1.7456009505041916 + (0.5312236624740025 * x_2)))))))) * (-46.79986883280324 + (-0.008394178818376626 * (-1.6816570543158895 + (0.011591759038935135 * x_4))))))))) + (-0.0429899659377629 + (-86.99996489016245 * (-2.0008354353416413 + (0.15444503553389743 * x_5))))) * (0.41250834728269004 + (-0.12448767282231488 * arctan(((0.0937966598501021 + (0.3695749788251878 * (-7.079162907839687 + (0.987710095069961 * x_0)))) * (8.540788500915369 + (-0.024030003339194087 * (-7.079162907839687 + (0.987710095069961 * x_0)))))))))))),10.362858057022095,,200
523_analcatdata_neavote,ok,2,NoRef,0.9244799365283329,1.0849359046942775,49,(((0.807 + (0.0014 * (-1.1000004629242885 + (1.0091747366277877 * x_0)))) + (0.009179999999999999 + (-6.96 * inv((19.6 + (95.60000000000001 * sin(((0.271 + (0.0057399999999999994 * (-32.42453434284643 + (3.268602252303068 * x_1)))) - (-1.74 + (-4.19 * (-32.42453434284643 + (3.268602252303068 * x_1)))))))))))) - (-4.75 + (4.21 * (-1.1000004629242885 + (1.0091747366277877 * x_0))))),3.9284446239471436,,100
527_analcatdata_election2000,ok,14,NoRef,0.8879143202576822,24865.907412438453,141,(-7.38 + (1.18 * abs((((-0.00698 * (-0.5193298239498948 + (0.015227614093935648 * x_4))) - (((-53.1 + (-0.7183914372640499 + (0.0004984541314653785 * x_2))) * ((-95.4 + (-91.4 * (-0.6808101853206171 + (7.651437594886506e-06 * x_1)))) + ((-0.00196 + (-0.0437 * (-0.7183914372640499 + (0.0004984541314653785 * x_2)))) * (0.0359 + (0.00331 * (-0.6808101853206171 + (7.651437594886506e-06 * x_1))))))) * (5.62 + (-2.47 * arctan(((((0.305 * abs((0.040600000000000004 + (0.36200000000000004 * (-0.7539750293087042 + (2.2518515811217273e-05 * x_11)))))) - ((0.08080000000000001 + (2.69 * (-0.5790159314959826 + (1.526143028166792e-05 * x_10)))) + (-0.14600000000000002 + (-0.037700000000000004 * ((2.74 + (0.00246 * (-0.739338557632009 + (0.02693620628675617 * x_7)))))**2)))) + (((-0.7240000000000001 * (-0.766510348395769 + (1.76795500133283e-05 * x_0))) - (-0.00836 + (0.005699999999999999 * (-0.8107727686427069 + (0.0001122870409012877 * x_12))))) + (-0.42000000000000004 + (0.035100000000000006 * (-0.6808101853206171 + (7.651437594886506e-06 * x_1)))))) * (71.4 + (8.77 * (-0.5795856269534391 + (0.002242434428935752 * x_1)))))))))) + (0.8480000000000001 + (97.5 * (-0.6766957715329756 + (8.551790402823377e-06 * x_13)))))))),18.25584840774536,,67
529_pollen,ok,4,NoRef,0.6283472090388091,2.060815636459268,79,((-0.6 + (-0.28400000000000003 * cos((((0.00811 + (3.7 * (-0.14240534481180597 + (0.1466357845322108 * x_0)))) + (-83.60000000000001 + (-11.6 * (-0.14240534481180597 + (0.1466357845322108 * x_0))))) - (-0.8510000000000001 + (-14.4 * (-0.14240534481180597 + (0.1466357845322108 * x_0)))))))) * (((0.8330000000000001 + (-1.94 * sqrt(((-76.3 + (-20.0 * (0.008717172475124766 + (0.20153683119485272 * x_1)))) * (-0.638 + (0.0089 * (-0.030628056605373096 + (0.1278483556294714 * x_2)))))))) - (-4.36 + (-9.370000000000001 * (-0.14240534481180597 + (0.1466357845322108 * x_0))))) - (-9.32 + (-8.39 * (0.13411228300539055 + (0.09366364070564696 * x_3)))))),7.113691091537476,,200
537_houses,ok,8,BFGS,0.6150189122782803,62102.357695023915,138,((((0.8741489571318657 * (-1.2807665932048524 + (0.0031092227789157063 * x_5))) + (8.609289332744373 + (0.9609329924241331 * sin(((-0.8879435152863325 + (12.099980675667602 * (-1.616400063304611 + (0.0017131956155851734 * x_4)))) + (-85.89994351528634 + (-32.90000304363765 * (-1931.3382469098758 + (51.06894768888684 * x_6))))))))) + (-0.9287106672556261 + (-0.746853725571882 * (-1.616400063304611 + (0.0017131956155851734 * x_4))))) * (((-0.16005345105915142 + (-1.5066316366506536 + (0.0007951087204436459 * x_2))) + ((0.002456548940848586 + (6.499976499103978 * (-1.516023044552607 + (0.4819862123055841 * x_0)))) + ((-0.3990534510591514 + (4.05857132414843 * sqrt(((4.519996260799392 + (6.93999981263632 * cos((-6.680002505772014 * (4732.105772728812 + (38.70787762899494 * x_7)))))) + ((3.0990705322998067 + (-0.002886897612453262 * (-1.2904738757872565 + (0.0029224672776394607 * x_3)))) * (23.599988406498053 + (-0.6047169066633653 * inv((-0.39427546596745566 + (-1.180383178784062 * (-4.071076517823106 + (0.09225190387090654 * x_1)))))))))))) - (7.640053451059152 + (-0.9800115796775528 * (-1.2904738757872565 + (0.0029224672776394607 * x_3))))))) * ((-53.09989794830593 + (-4.779982453211838 * (4732.105772728812 + (38.70787762899494 * x_7)))) * (0.7783388782433331 + (-16.699654702642157 * exp((0.0030335341240053434 + (-0.05033964891236694 * (-1.616400063304611 + (0.0017131956155851734 * x_4)))))))))),16.401302576065063,,200
542_pollution,ok,15,NoRef,0.30963448985643016,51.25357069284256,109,((0.09000000000000001 + (50.0 * (-1.3417746895098515 + (0.11303914741996632 * x_2)))) + ((0.09000000000000001 + (50.0 * sin(((0.9 + (0.9 * (-10.07372940149997 + (0.21860601272753 * x_7)))) * (9.0 + (-0.060000000000000005 * (-3.4842057901726844 + (0.24240763803394755 * x_10)))))))) + ((0.09000000000000001 + (-0.030000000000000002 * (-15.870501448458425 + (0.1961419800635419 * x_4)))) + ((0.09000000000000001 + (-20.0 * (-15.790457307846115 + (0.21171562870855126 * x_2)))) + ((0.09000000000000001 + (0.09000000000000001 * (((99.0 + (1.0 * (-3.7739829530938387 + (0.10099865173310897 * x_0)))) + (4.0 + (-1.0 * (-13.091145073851688 + (1.1929962068814302 * x_10))))))**2)) + ((0.001 + (-0.2 * (-2.688091270755722 + (0.0006935130534321594 * x_7)))) + ((0.001 + (-0.01 * (-0.8553399857577753 + (0.015908369232940645 * x_13)))) + (0.001 + (-9.0 * (-24.330114224746506 + (7.455982713861068 * x_4))))))))))),12.89931607246399,,60
547_no2,ok,7,BFGS,0.4846568500731345,0.5296754367774408,153,(1.2154537930251843 + (0.48110039610888267 * sqrt((0.12252341400005709 + (0.03902892429683277 * sqrt((5.680023465321173 + (8.454224423454221 * abs(((-0.039596995185739614 + (-0.004466050398307738 * sqrt((-0.05388067857380845 + (66.9007443586684 * ((-1.4916305491900272 + (-0.19094768474247042 * (-0.16485779278081106 + (0.16091536708568774 * x_1)))))**2))))) * ((((-75.40070144727036 + (-1.593513108814246 + (0.5093537168700765 * x_2))) * (0.05052251442529018 + (-0.01125022165962849 * cos((0.026309365703307934 + (-3.012604406160704 * ((0.006248652184793479 + (48.80540181709758 * (-1.5089883784697682 + (0.0049762181060208684 * x_6)))))**2)))))) * (((1.030871957117166 + (-1.664176255098275 + (0.011106799904836887 * x_4))) - ((-0.14071195711716517 + (6.478530014697785 * (-1.593513108814246 + (0.5093537168700765 * x_2)))) - (((-0.7891280428828341 + (4.683266785734304 * (-0.1634556815138494 + (0.9729504782544822 * x_3)))) - (((6.145917171685728 * (-0.16485779278081106 + (0.16091536708568774 * x_1))) - (3.056871957117166 + (8.648673580003324 * arctan((-0.40273741859549705 + (47.09882953917813 * (-6.654222247738914 + (0.9476037076783185 * x_0)))))))) + (-18.946871957117168 + (-4.597011654974677 * (-6.654222247738914 + (0.9476037076783185 * x_0)))))) - (-3.556871957117166 + (-0.576700007636963 * (-1.664176255098275 + (0.011106799904836887 * x_4))))))) * (82.40023770990982 + (-0.763642742017891 * (-1.8397826257177994 + (0.14854926327959622 * x_5)))))) * (-83.70054687259174 + (0.6396091646001527 * (-1.593513108814246 + (0.5093537168700765 * x_2))))))))))))))),12.46898603439331,,200
556_analcatdata_apnea2,ok,3,BFGS,5.095213140293708e-10,3064.5387312309963,64,(2.308652361803676 + (6.498774698110367 * ((11.588163013376493 + (-1.115448590574314e-05 * exp(((-4.477025347830472 + (-0.5504495373850725 * abs((((0.00693580529830855 + (51.400307432374824 * inv((-0.361359141473791 + (-3.7986809934327206 * (-1.414213562373095 + (0.7071067811865475 * x_1))))))) - (-0.4281358052983086 + (0.18886964097070394 * (-1.9639610121239315 + (0.4364357804719848 * x_2))))) - (-0.5631358052983088 + (0.015809950222493634 * (-1.414213562373095 + (0.7071067811865475 * x_1)))))))) - (-0.09077465216952664 + (9.493613819916376 * cos((55.095461848263795 + (-67.12734201963667 * (-1.414213562373095 + (0.7071067811865475 * x_0))))))))))))**2)),8.04818868637085,,200
557_analcatdata_apnea1,ok,3,BFGS,0.07575148669802678,2972.488760423156,62,(11.032760962794104 + (5.762244713626009 * sqrt((82.20659779686193 + (66.05746244304203 * exp((0.878476896988957 + (-29.6412475575418 * sin((((-0.2978937595860332 * inv((51.992121832570575 + (-40.91753221690233 * cos((32.33970512756715 + (163.4250541085951 * (-1.414213562373095 + (0.7071067811865475 * x_0))))))))) * (0.4595020700444823 + (-0.757023891179652 * (-1.9639610121239315 + (0.4364357804719848 * x_2))))) + (-0.15562054158401334 + (48.523803724791044 * cos((3.6417476546168706 + (-0.003053360739003934 * ((-74.94615357132386 + (-0.07616915598782717 * (-1.414213562373095 + (0.7071067811865475 * x_1)))))**3))))))))))))))),8.094420194625854,,200
560_bodyfat,ok,14,NoRef,0.9686251314254208,1.4183596027325363,109,(0.6 + (0.2 * abs(((89.10000000000001 + (-41.5 * (-57.52990952234374 + (54.448221837923086 * x_0)))) - (0.3 + (-0.09000000000000001 * tan(((0.01 + (0.2 * (-10.980087298995926 + (0.18400582020219014 * x_4)))) + ((0.02 + (0.2 * (-15.414295390810478 + (0.4067847718311926 * x_4)))) + ((0.02 + (0.2 * (-10.76363248103607 + (0.3331568802387981 * x_11)))) + ((0.02 + (0.2 * (-8.691703717993288 + (0.09469634160680841 * x_12)))) + ((0.02 + (0.9 * (-12.368918058615126 + (0.123524275838118 * x_4)))) + ((0.7000000000000001 + (-0.9 * (-13.729665303214738 + (0.13736808444653992 * x_11)))) + ((0.006 + (0.01 * (-14.503899845169963 + (0.5052039378562528 * x_12)))) + ((0.006 + (0.6 * (-16.45569646354815 + (0.4265399104852348 * x_12)))) + (0.01 + (0.2 * (-6.0305750892444605 + (0.033750416754417346 * x_2))))))))))))))))))),13.695695638656616,,200
