dataset,status,n_features,refinement_type,r2,rmse,complexity,seconds,error,noise_strength,expr
strogatz_bacres1,ok,2,NoRef,0.9653367704379996,0.4189841966956249,36.0,4.712763547897339,,0.0,((0.6900000000000001 + (-0.9390000000000001 * (-6.262349407491105 + (0.4541858300590738 * x_0)))) + ((0.0009199999999999999 + (0.20600000000000002 * arctan((-0.001 + (-2.879498286108375 + (0.07514553155101268 * x_1)))))) * ((((-1.69 + (-2.879498286108375 + (0.07514553155101268 * x_1))) - (8.14 + (-2.66 * (-6.262349407491105 + (0.4541858300590738 * x_0))))) * (1.1400000000000001 + (0.0879 * (-6.262349407491105 + (0.4541858300590738 * x_0))))) - (-0.0577 + (-0.93 * (-6.262349407491105 + (0.4541858300590738 * x_0)))))))
strogatz_bacres2,ok,2,NoRef,0.9916808694760324,0.198229613542989,27.0,7.427502155303955,,0.0,(((((-28.8 * (-2.879498286108375 + (0.07514553155101268 * x_1))) + (-0.917 + (23.7 * (-6.262349407491105 + (0.4541858300590738 * x_0))))) + (-0.0059 + (-6.46 * (-6.262349407491105 + (0.4541858300590738 * x_0))))) * (0.0451 + (-0.00945 * (-6.262349407491105 + (0.4541858300590738 * x_0))))) + (4.59 + (-0.5740000000000001 * (-2.879498286108375 + (0.07514553155101268 * x_1)))))
strogatz_barmag1,ok,2,NoRef,0.94274488685777,0.045602949048629,30.0,9.734898805618286,,0.0,((0.002 + (-0.0024 * arctan((0.1 + (-13.749320144176263 + (2.4397466465165905 * x_0)))))) * ((99.0 + (9.0 * (-0.7763258181607384 + (0.39781013080990546 * x_1)))) + (0.001 + (-9.0 * inv((-0.09000000000000001 + (0.01 * ((0.1 + (7.5 * (-0.7763258181607384 + (0.39781013080990546 * x_1)))))**3)))))))
strogatz_barmag2,ok,2,NoRef,0.4588058436934299,0.1822000095838552,45.0,12.52229380607605,,0.0,((-0.0048 + (-0.368 * cos(((-0.037000000000000005 + (0.9400000000000001 * inv(((0.0077599999999999995 + (1.53 * (-0.7763258181607384 + (0.39781013080990546 * x_1)))) - (-0.00919 + (0.07310000000000001 * (-13.749320144176263 + (2.4397466465165905 * x_0)))))))) * (-1.33 + (0.00747 * (-0.7763258181607384 + (0.39781013080990546 * x_1)))))))) * ((0.24000000000000002 + (-0.095 * (-0.7763258181607384 + (0.39781013080990546 * x_1)))) + ((-85.4 + (46.0 * (-13.749320144176263 + (2.4397466465165905 * x_0)))) * (0.00752 + (-0.005399999999999999 * (-13.749320144176263 + (2.4397466465165905 * x_0)))))))
strogatz_glider1,ok,2,NoRef,0.9726425170502002,0.1215868187626989,28.0,5.673834323883057,,0.0,((-0.006339999999999999 + (0.9890000000000001 * sin((-8.38 + (7.390000000000001 * (-1.8728726161932867 + (0.13763524572636318 * x_1))))))) - ((-0.08130000000000001 + (-0.08120000000000001 * (-2.0479585513057548 + (0.9185478027788039 * x_0)))) * ((7.72 + (-0.604 * (-2.0479585513057548 + (0.9185478027788039 * x_0)))) - (11.0 + (0.14500000000000002 * (-1.8728726161932867 + (0.13763524572636318 * x_1)))))))
strogatz_glider2,ok,2,NoRef,0.7228155485546366,0.5040868346081676,39.0,5.945314407348633,,0.0,((-0.556 + (0.9690000000000001 * (-2.0479585513057548 + (0.9185478027788039 * x_0)))) - (((-8.48 + (-3.5500000000000003 * inv(((0.9490000000000001 + (37.5 * (-2.0479585513057548 + (0.9185478027788039 * x_0)))) - (-82.10000000000001 + (-0.00967 * (-1.8728726161932867 + (0.13763524572636318 * x_1)))))))) + (5.53 + (0.027500000000000004 * (-1.8728726161932867 + (0.13763524572636318 * x_1))))) - (-0.05670000000000001 + (0.42200000000000004 * sin((-7.13 + (7.18 * (-1.8728726161932867 + (0.13763524572636318 * x_1)))))))))
strogatz_lv1,ok,2,NoRef,0.4706379783061134,1.3046225866449594,22.0,9.799336194992064,,0.0,((0.001 + (0.001 * (-1.8092302962642817 + (1.2608026657501157 * x_1)))) * (-0.01 + (-0.09000000000000001 * (((70.0 + (99.9 * (-0.669488742160413 + (0.8024202405723764 * x_0)))) + (-0.01 + (40.0 * (-1.8092302962642817 + (1.2608026657501157 * x_1))))))**2)))
strogatz_lv2,ok,2,NoRef,0.881532658654924,0.4161535543612263,59.0,8.883678674697876,,0.0,((0.007319999999999999 + (0.502 * ((((0.41500000000000004 * arctan((0.598 + (2.7800000000000002 * inv((-0.008029999999999999 + (0.044000000000000004 * (-0.669488742160413 + (0.8024202405723764 * x_0))))))))) + (-0.00281 + (-8.11 * (-1.8092302962642817 + (1.2608026657501157 * x_1))))) + ((0.040900000000000006 + (0.00054 * (-0.669488742160413 + (0.8024202405723764 * x_0)))) - (((0.9890000000000001 + (-1.5 * (-0.669488742160413 + (0.8024202405723764 * x_0)))) + (0.00853 + (-9.9 * (-1.8092302962642817 + (1.2608026657501157 * x_1))))) - (-0.0039 + (0.00535 * (-0.669488742160413 + (0.8024202405723764 * x_0))))))))**2)) * (0.308 + (0.9450000000000001 * cos((-8.17 + (-0.5740000000000001 * (-1.8092302962642817 + (1.2608026657501157 * x_1))))))))
strogatz_predprey1,ok,2,NoRef,0.973060217456375,0.3857673956117505,43.0,11.498245239257812,,0.0,((-0.00898 + (-0.052700000000000004 * arctan((0.636 + (-0.7945524687408121 + (0.8507325088617598 * x_0)))))) * ((-16.9 + (-2.41 * abs((0.24300000000000002 * (-0.7945524687408121 + (0.8507325088617598 * x_0)))))) + (((35.300000000000004 * (-1.88614632091165 + (0.38086615907634147 * x_1))) - (((-0.0791 + (-0.7945524687408121 + (0.8507325088617598 * x_0))) - (0.008499999999999999 + (-0.17500000000000002 * (-1.88614632091165 + (0.38086615907634147 * x_1))))) * (-0.00654 + (-9.6 * (-0.7945524687408121 + (0.8507325088617598 * x_0)))))) + (0.038900000000000004 + (2.73 * (-1.88614632091165 + (0.38086615907634147 * x_1)))))))
strogatz_predprey2,ok,2,NoRef,0.912838640551242,0.4630911414582059,27.0,12.958568096160889,,0.0,(2.0 + (-3.0 * exp(((-0.3 + (-0.8 * (-0.7945524687408121 + (0.8507325088617598 * x_0)))) + ((-0.1 + (0.5 * (-1.88614632091165 + (0.38086615907634147 * x_1)))) + (-0.001 + (-0.09000000000000001 * arctan((60.0 + (94.9 * (-0.7945524687408121 + (0.8507325088617598 * x_0))))))))))))
strogatz_shearflow1,ok,2,NoRef,-0.3096437383653976,0.3652268734314649,35.0,9.821019411087036,,0.0,((0.003 + (0.006 * (0.5799747510223856 + (0.709259269968821 * x_1)))) * ((0.2 + (0.4 * (0.5799747510223856 + (0.709259269968821 * x_1)))) * ((0.9 + (0.6 * (0.2165174357325378 + (0.3626875714686538 * x_0)))) * ((9.0 + (6.0 * (0.2165174357325378 + (0.3626875714686538 * x_0)))) * ((-0.9 + (-99.0 * (0.5799747510223856 + (0.709259269968821 * x_1)))) + (-80.0 + (-0.060000000000000005 * (0.2165174357325378 + (0.3626875714686538 * x_0)))))))))
strogatz_shearflow2,ok,2,BFGS,0.0236881910221877,0.2373850399822365,45.0,4.865738391876221,,0.0,(((-0.6628696960428208 + (0.2165174357325378 + (0.3626875714686538 * x_0))) * (3.667098870264672 + (-5.857559839693659 * sin(((68.87488794075624 + (-0.06399939474127653 * sin((0.6334025202738778 * (0.5799747510223856 + (0.709259269968821 * x_1)))))) + (((-0.23122432841564827 + (0.5799747510223856 + (0.709259269968821 * x_1))) * ((12.488386928445731 + (-0.5715212659945368 * (0.5799747510223856 + (0.709259269968821 * x_1)))) + (0.08238692844573046 + (0.0317516706019042 * (0.2165174357325378 + (0.3626875714686538 * x_0)))))) * (-0.33548582678644207 + (0.10200489501923654 * (0.2165174357325378 + (0.3626875714686538 * x_0)))))))))) * (0.0060503716527334425 + (0.0032995604973476513 * (0.2165174357325378 + (0.3626875714686538 * x_0)))))
strogatz_vdp1,ok,2,NoRef,-4.856449738015936,3.904505682961445,48.0,7.68383526802063,,0.0,((0.778 + (-0.658 * (((0.184 + (0.55 * (-0.43631478095961607 + (3.6409165496093783 * x_1)))) * (5.03 + (-0.34 * abs((((0.0985 + (-0.00949 * sqrt((3.84 + (-0.43631478095961607 + (3.6409165496093783 * x_1)))))) * (74.8 + (0.0072 * (-0.6415222350099536 + (1.1042715579288094 * x_0))))) - ((1.16 + (0.030400000000000003 * (-0.43631478095961607 + (3.6409165496093783 * x_1)))) * (-0.005209999999999999 + (-7.17 * (-0.6415222350099536 + (1.1042715579288094 * x_0)))))))))))**3)) * (-0.164 + (-0.021400000000000002 * (-0.6415222350099536 + (1.1042715579288094 * x_0)))))
strogatz_vdp2,ok,2,NoRef,0.9999744832310148,0.0004659665188939,16.0,2.9515340328216557,,0.0,((-0.0015099999999999998 + (0.00912 * inv((-51.4 + (0.0666 * (-0.43631478095961607 + (3.6409165496093783 * x_1))))))) - (0.0563 + (0.09010000000000001 * (-0.6415222350099536 + (1.1042715579288094 * x_0)))))
strogatz_bacres1,ok,2,NoRef,0.9719578505431976,0.3768502265121969,29.0,9.596371173858644,,0.001,((-0.00656 + (-1.73 * (-2.879498286108375 + (0.07514553155101268 * x_1)))) + ((-0.00912 + (-0.5900000000000001 * (-6.262349407491105 + (0.4541858300590738 * x_0)))) + ((0.0347 + (-0.00632 * (-6.262349407491105 + (0.4541858300590738 * x_0)))) - ((-0.0134 + (0.00825 * (-2.879498286108375 + (0.07514553155101268 * x_1)))) * (52.800000000000004 + (-44.9 * (-6.262349407491105 + (0.4541858300590738 * x_0))))))))
strogatz_bacres2,ok,2,BFGS,0.9954256575566888,0.1469920686734663,54.0,8.115230560302734,,0.001,(9.200000000000001 + (-0.08660000000000001 * sqrt((((-3.49 * (((-90.3 + (-41.2 * (-2.879498286108375 + (0.07514553155101268 * x_1)))) - ((-0.256 + (0.8440000000000001 * (-2.879498286108375 + (0.07514553155101268 * x_1)))) - (-9.22 + (9.040000000000001 * (-6.262349407491105 + (0.4541858300590738 * x_0)))))))**2) * (-0.08560000000000001 + (0.017900000000000003 * (-6.262349407491105 + (0.4541858300590738 * x_0))))) + (((-0.013000000000000001 + (2.41 * cos((0.311 + (-32.3 * (-6.262349407491105 + (0.4541858300590738 * x_0))))))) - (3.97 + (1.81 * (-6.262349407491105 + (0.4541858300590738 * x_0))))) - (-0.628 + (1.74 * (-6.262349407491105 + (0.4541858300590738 * x_0)))))))))
strogatz_barmag1,ok,2,NoRef,0.9434045098032764,0.0453394975334556,30.0,9.32983946800232,,0.001,((0.002 + (-0.0024 * arctan((0.1 + (-13.749320144176263 + (2.4397466465165905 * x_0)))))) * ((99.0 + (9.0 * (-0.7763258181607384 + (0.39781013080990546 * x_1)))) + (0.001 + (-9.0 * inv((-0.08 + (-0.01 * ((-0.1 + (-7.0 * (-0.7763258181607384 + (0.39781013080990546 * x_1)))))**3)))))))
strogatz_barmag2,ok,2,NoRef,0.4465484428839616,0.1842517634131629,59.0,9.765814542770386,,0.001,((-0.604 + (78.60000000000001 * inv((68.9 + (-99.10000000000001 * inv(((0.432 + (0.025900000000000003 * (-13.749320144176263 + (2.4397466465165905 * x_0)))) - ((0.0373 + (-0.020900000000000002 * ((((0.00219 + (-13.749320144176263 + (2.4397466465165905 * x_0))) - (5.36 + (92.9 * (-0.7763258181607384 + (0.39781013080990546 * x_1))))) * (0.0044199999999999995 + (0.257 * (-0.7763258181607384 + (0.39781013080990546 * x_1))))))**3)) - (-0.0446 + (0.08030000000000001 * inv((6.09 + (-0.182 * (-13.749320144176263 + (2.4397466465165905 * x_0))))))))))))))) * ((-0.00445 + (0.00568 * (-13.749320144176263 + (2.4397466465165905 * x_0)))) * (-50.6 + (-79.8 * (-0.7763258181607384 + (0.39781013080990546 * x_1))))))
strogatz_glider1,ok,2,NoRef,0.9849148224515304,0.0902866709492213,28.0,10.46969437599182,,0.001,((-0.26 + (-1.0 * cos(((0.6 + (-7.3 * (-1.8728726161932867 + (0.13763524572636318 * x_1)))) + (0.01 + (-0.1 * (-2.0479585513057548 + (0.9185478027788039 * x_0)))))))) + ((0.030000000000000002 + (0.006 * (-2.0479585513057548 + (0.9185478027788039 * x_0)))) * (0.01 + (-7.5 * (-2.0479585513057548 + (0.9185478027788039 * x_0))))))
strogatz_glider2,ok,2,NoRef,-2.129521211125164,1.693791199996436,37.0,13.174558639526367,,0.001,(((-0.42100000000000004 * cos(((-0.0675 + (-0.927 * (-2.0479585513057548 + (0.9185478027788039 * x_0)))) - (-0.9750000000000001 + (-6.99 * (-1.8728726161932867 + (0.13763524572636318 * x_1))))))) - (4.04 + (-0.899 * (-2.0479585513057548 + (0.9185478027788039 * x_0))))) + ((-0.055900000000000005 + (-0.668 * inv((9.83 + (5.57 * (-2.0479585513057548 + (0.9185478027788039 * x_0))))))) - (-6.45 + (-0.0131 * (-2.0479585513057548 + (0.9185478027788039 * x_0))))))
strogatz_lv1,ok,2,NoRef,0.4706379783061134,1.3046225866449594,22.0,9.186988592147827,,0.001,((0.001 + (0.001 * (-1.8092302962642817 + (1.2608026657501157 * x_1)))) * (-0.01 + (-0.09000000000000001 * (((70.0 + (99.9 * (-0.669488742160413 + (0.8024202405723764 * x_0)))) + (-0.01 + (40.0 * (-1.8092302962642817 + (1.2608026657501157 * x_1))))))**2)))
strogatz_lv2,ok,2,BFGS,0.0472564185180305,1.1801638380173771,50.0,12.141726016998293,,0.001,((6.0613684597357915 + (1.783458653108149 * ((6.683871605544872 + (-1.8092302962642817 + (1.2608026657501157 * x_1))))**2)) * ((-1.2123820076862926 + (0.14590849363722644 * (-0.669488742160413 + (0.8024202405723764 * x_0)))) * (((1.7208995262597226 + (-0.669488742160413 + (0.8024202405723764 * x_0))) - (-0.8977495262597212 + (-0.2749327048854082 * (-1.8092302962642817 + (1.2608026657501157 * x_1))))) * ((0.3192882654372133 + (-0.13863856840263014 * inv((-4.856341972170206 + (-1.8092302962642817 + (1.2608026657501157 * x_1)))))) * (0.0014145645595510371 + (-0.0002614894622711402 * cos(((1.305636956190302 + (8.4679420246772 * (-0.669488742160413 + (0.8024202405723764 * x_0)))) * (-2.4655772965741485 + (0.8458865791958594 * (-0.669488742160413 + (0.8024202405723764 * x_0))))))))))))
strogatz_predprey1,ok,2,NoRef,0.9520394164545024,0.514719599274977,41.0,11.510174751281738,,0.001,((((-6.76 + (-7.67 * (-0.7945524687408121 + (0.8507325088617598 * x_0)))) + ((11.200000000000001 + (-12.8 * (-1.88614632091165 + (0.38086615907634147 * x_1)))) - (8.9 + (0.00091 * (-0.7945524687408121 + (0.8507325088617598 * x_0)))))) - ((-7.73 + (-0.00514 * (-1.88614632091165 + (0.38086615907634147 * x_1)))) + ((0.009049999999999999 + (-5.23 * (-0.7945524687408121 + (0.8507325088617598 * x_0)))) - (0.733 + (0.09480000000000001 * (-0.7945524687408121 + (0.8507325088617598 * x_0))))))) * (0.09300000000000001 + (0.11 * (-0.7945524687408121 + (0.8507325088617598 * x_0)))))
strogatz_predprey2,ok,2,NoRef,0.9354087272745434,0.3986496588651757,27.0,7.987535953521728,,0.001,(2.0 + (-3.0 * exp(((-0.3 + (-0.8 * (-0.7945524687408121 + (0.8507325088617598 * x_0)))) + ((-0.1 + (0.5 * (-1.88614632091165 + (0.38086615907634147 * x_1)))) + (-0.001 + (-0.07 * arctan((60.0 + (91.9 * (-0.7945524687408121 + (0.8507325088617598 * x_0))))))))))))
strogatz_shearflow1,ok,2,NoRef,-0.3096437383653976,0.3652268734314649,35.0,12.38430404663086,,0.001,((0.003 + (0.006 * (0.5799747510223856 + (0.709259269968821 * x_1)))) * ((0.2 + (0.4 * (0.5799747510223856 + (0.709259269968821 * x_1)))) * ((0.9 + (0.6 * (0.2165174357325378 + (0.3626875714686538 * x_0)))) * ((9.0 + (6.0 * (0.2165174357325378 + (0.3626875714686538 * x_0)))) * ((-0.9 + (-99.0 * (0.5799747510223856 + (0.709259269968821 * x_1)))) + (-80.0 + (-0.060000000000000005 * (0.2165174357325378 + (0.3626875714686538 * x_0)))))))))
strogatz_shearflow2,ok,2,BFGS,0.2548768799934977,0.2073829722570456,52.0,17.263933897018433,,0.001,((0.02492887278501443 + (-0.01363343904483584 * sqrt((-0.009272671459317396 + (34.69995566969884 * inv((0.07078768612259312 + (0.06620714424880084 * ((-0.23933446669563893 + (0.9099594384922465 * sin((25.599868818503303 + (-3.2200215438040765 * (0.5799747510223856 + (0.709259269968821 * x_1))))))))**2)))))))) * (0.07816314490664834 + (0.6790748238280824 * sin((0.04676829657047647 + (0.557290897633757 * inv(((-0.009519209739178896 + (-0.3315258829827684 * inv((-11.203598420311474 + (-41.0989600804483 * (0.2165174357325378 + (0.3626875714686538 * x_0))))))) - (-0.07177079026082112 + (1.769037528058951 * (0.2165174357325378 + (0.3626875714686538 * x_0))))))))))))
strogatz_vdp1,ok,2,NoRef,-5.08258588613204,3.979174401150975,42.0,6.865293741226196,,0.001,(((-0.0046099999999999995 * (-0.43631478095961607 + (3.6409165496093783 * x_1))) * (0.029200000000000004 + (0.0937 * (((1.73 + (0.00628 * (-0.43631478095961607 + (3.6409165496093783 * x_1)))) - ((4.0 + (6.28 * (-0.43631478095961607 + (3.6409165496093783 * x_1)))) + (3.44 + (9.65 * cos((0.865 + (3.45 * arctan((0.0548 + (0.674 * (-0.6415222350099536 + (1.1042715579288094 * x_0)))))))))))))**3))) + (0.0539 + (-0.116 * (-0.6415222350099536 + (1.1042715579288094 * x_0)))))
strogatz_vdp2,ok,2,NoRef,0.9999587276148566,0.0005926136564802,17.0,2.9557697772979736,,0.001,((-0.058 + (-0.09000000000000001 * (-0.6415222350099536 + (1.1042715579288094 * x_0)))) + ((0.001 + (-0.001 * (-0.43631478095961607 + (3.6409165496093783 * x_1)))) * (-0.001 + (0.02 * (-0.6415222350099536 + (1.1042715579288094 * x_0))))))
strogatz_bacres1,ok,2,NoRef,0.9913469380200702,0.2093379843011283,57.0,6.252068281173706,,0.01,(-0.8400000000000001 + (0.00792 * ((((-4.92 * sin((((-9.8 + (0.0052 * (-2.879498286108375 + (0.07514553155101268 * x_1)))) * (-0.931 + (-0.07730000000000001 * (-6.262349407491105 + (0.4541858300590738 * x_0))))) - (-35.300000000000004 + (30.400000000000002 * ((0.328 + (-0.046400000000000004 * arctan((-5.65 + (24.1 * (-2.879498286108375 + (0.07514553155101268 * x_1))))))))**2))))) - (8.4 + (-7.3100000000000005 * (-2.879498286108375 + (0.07514553155101268 * x_1))))) + (((2.84 * (-6.262349407491105 + (0.4541858300590738 * x_0))) - (-0.00515 + (0.512 * (-2.879498286108375 + (0.07514553155101268 * x_1))))) + (0.00299 + (2.2 * (-6.262349407491105 + (0.4541858300590738 * x_0)))))))**2))
strogatz_bacres2,ok,2,NoRef,0.9933464546963444,0.1772785228328638,46.0,7.956832408905029,,0.01,(((-0.5920000000000001 + (-0.11900000000000001 * sin(((0.12100000000000001 + (-27.2 * (-6.262349407491105 + (0.4541858300590738 * x_0)))) - (-0.00039999999999999996 + (-0.0597 * (-2.879498286108375 + (0.07514553155101268 * x_1)))))))) * ((0.0752 + (-0.662 * (-6.262349407491105 + (0.4541858300590738 * x_0)))) + ((-51.5 + (36.6 * (-6.262349407491105 + (0.4541858300590738 * x_0)))) * (-0.00954 + (-0.00895 * (-2.879498286108375 + (0.07514553155101268 * x_1))))))) - ((-4.46 + (-0.302 * (-6.262349407491105 + (0.4541858300590738 * x_0)))) - (0.343 + (-1.72 * (-2.879498286108375 + (0.07514553155101268 * x_1))))))
strogatz_barmag1,ok,2,NoRef,0.94274488685777,0.045602949048629,30.0,9.545536041259766,,0.01,((0.002 + (-0.0024 * arctan((0.1 + (-13.749320144176263 + (2.4397466465165905 * x_0)))))) * ((99.0 + (9.0 * (-0.7763258181607384 + (0.39781013080990546 * x_1)))) + (0.001 + (-9.0 * inv((-0.09000000000000001 + (0.01 * ((0.1 + (7.5 * (-0.7763258181607384 + (0.39781013080990546 * x_1)))))**3)))))))
strogatz_barmag2,ok,2,NoRef,0.2606826450602305,0.2129547329356464,49.0,12.16998815536499,,0.01,((0.00261 + (-0.0073 * (-0.7763258181607384 + (0.39781013080990546 * x_1)))) - ((((0.00745 + (-13.749320144176263 + (2.4397466465165905 * x_0))) + (8.370000000000001 + (-6.12 * arctan((-5.55 + (0.601 * abs(((0.0068 + (0.5920000000000001 * (-0.7763258181607384 + (0.39781013080990546 * x_1)))) * (46.0 + (5.83 * (-13.749320144176263 + (2.4397466465165905 * x_0)))))))))))) * (-0.00678 + (0.007379999999999999 * (-13.749320144176263 + (2.4397466465165905 * x_0))))) * ((0.631 + (-0.00671 * (-0.7763258181607384 + (0.39781013080990546 * x_1)))) + (-7.05 + (-0.0171 * (-13.749320144176263 + (2.4397466465165905 * x_0)))))))
strogatz_glider1,ok,2,NoRef,0.9846551339614432,0.0910604888942702,46.0,4.215771198272705,,0.01,(((0.044700000000000004 + (-0.997 * cos(((-0.00959 + (0.00181 * (-1.8728726161932867 + (0.13763524572636318 * x_1)))) - ((0.446 + (-0.0077399999999999995 * (-2.0479585513057548 + (0.9185478027788039 * x_0)))) - (-0.006059999999999999 + (7.37 * (-1.8728726161932867 + (0.13763524572636318 * x_1))))))))) - (0.393 + (-0.00788 * (-1.8728726161932867 + (0.13763524572636318 * x_1))))) - ((0.028700000000000003 + (0.006719999999999999 * (-2.0479585513057548 + (0.9185478027788039 * x_0)))) * ((-1.96 + (8.38 * (-2.0479585513057548 + (0.9185478027788039 * x_0)))) + (-1.7 + (-0.00733 * (-1.8728726161932867 + (0.13763524572636318 * x_1)))))))
strogatz_glider2,ok,2,NoRef,-5.14178946121091,2.372839617870545,61.0,8.46179986000061,,0.01,((((7.9 + (0.6890000000000001 * cos(((-1.1 + (8.43 * (-1.8728726161932867 + (0.13763524572636318 * x_1)))) + (0.8170000000000001 + (0.008629999999999999 * (-1.8728726161932867 + (0.13763524572636318 * x_1)))))))) * ((-0.016900000000000002 + (0.00217 * abs((-4.3 + (4.97 * (-1.8728726161932867 + (0.13763524572636318 * x_1))))))) - (-0.0746 + (0.675 * inv((-2.87 + (-0.6920000000000001 * (-2.0479585513057548 + (0.9185478027788039 * x_0))))))))) - (0.068 + (-0.539 * inv(((0.00953 + (0.00547 * (-1.8728726161932867 + (0.13763524572636318 * x_1)))) - (6.8100000000000005 + (3.85 * (-2.0479585513057548 + (0.9185478027788039 * x_0))))))))) - (0.0708 + (-1.42 * (-2.0479585513057548 + (0.9185478027788039 * x_0)))))
strogatz_lv1,ok,2,NoRef,0.4787550792054403,1.2945815730045356,22.0,14.28503966331482,,0.01,((0.001 + (0.001 * (-1.8092302962642817 + (1.2608026657501157 * x_1)))) * (-0.01 + (-0.09000000000000001 * (((70.0 + (99.60000000000001 * (-0.669488742160413 + (0.8024202405723764 * x_0)))) + (-0.01 + (40.0 * (-1.8092302962642817 + (1.2608026657501157 * x_1))))))**2)))
strogatz_lv2,ok,2,NoRef,0.5534466836726364,0.8079620208176528,60.0,11.837477207183838,,0.01,(((3.21 + exp((0.31 * (-0.669488742160413 + (0.8024202405723764 * x_0))))) + (-0.7100000000000001 + (-0.019100000000000002 * ((((0.014700000000000001 + (-0.669488742160413 + (0.8024202405723764 * x_0))) + (-0.0010999999999999998 + (0.9440000000000001 * (-1.8092302962642817 + (1.2608026657501157 * x_1))))) * (-83.8 + (0.0018 * (-1.8092302962642817 + (1.2608026657501157 * x_1))))))**2))) * (-0.006999999999999999 + (0.005719999999999999 * inv((0.462 + (0.00861 * ((-1.1 + (-4.5200000000000005 * sin(((7.19 + (0.07840000000000001 * (-0.669488742160413 + (0.8024202405723764 * x_0)))) - ((0.0719 + (-4.25 * (-0.669488742160413 + (0.8024202405723764 * x_0)))) * (-0.0070599999999999994 + (-9.16 * (-1.8092302962642817 + (1.2608026657501157 * x_1))))))))))**2))))))
strogatz_predprey1,ok,2,NoRef,0.5041896478712533,1.6549553122149612,39.0,14.521990776062012,,0.01,((((-0.0066 + (-0.7945524687408121 + (0.8507325088617598 * x_0))) - ((-0.052000000000000005 + (-0.005699999999999999 * (-1.88614632091165 + (0.38086615907634147 * x_1)))) - (((-0.00413 + (-0.00027 * (-1.88614632091165 + (0.38086615907634147 * x_1)))) + (0.007169999999999999 + (1.83 * (-1.88614632091165 + (0.38086615907634147 * x_1))))) - (0.9840000000000001 + (-0.051300000000000005 * (-0.7945524687408121 + (0.8507325088617598 * x_0))))))) * (-0.00879 + (-0.0108 * (-0.7945524687408121 + (0.8507325088617598 * x_0))))) * (76.60000000000001 + (-0.014100000000000001 * (-1.88614632091165 + (0.38086615907634147 * x_1)))))
strogatz_predprey2,ok,2,NoRef,0.9381687236223368,0.3900394915199706,27.0,20.81287932395935,,0.01,(2.0 + (-3.0 * exp(((-0.3 + (-0.8 * (-0.7945524687408121 + (0.8507325088617598 * x_0)))) + ((-0.1 + (0.5 * (-1.88614632091165 + (0.38086615907634147 * x_1)))) + (-0.001 + (-0.07 * cos((0.01 + (-6.4 * (-0.7945524687408121 + (0.8507325088617598 * x_0))))))))))))
strogatz_shearflow1,ok,2,NoRef,0.1196911448955769,0.2994357674029376,35.0,10.225534677505491,,0.01,((0.003 + (0.006 * (0.5799747510223856 + (0.709259269968821 * x_1)))) * ((0.3 + (0.7000000000000001 * (0.5799747510223856 + (0.709259269968821 * x_1)))) * ((0.6 + (0.5 * (0.2165174357325378 + (0.3626875714686538 * x_0)))) * ((9.0 + (6.0 * (0.2165174357325378 + (0.3626875714686538 * x_0)))) * ((-0.9 + (-99.0 * (0.5799747510223856 + (0.709259269968821 * x_1)))) + (-80.0 + (0.1 * (0.2165174357325378 + (0.3626875714686538 * x_0)))))))))
strogatz_shearflow2,ok,2,BFGS,-0.0085021061490466,0.2412667531946122,64.0,6.0871171951293945,,0.01,((0.013397895592892905 + (6.24 * exp((-32.1 + (0.062000000000022176 * sqrt((90.7 + (0.82 * ((-0.46399999999999963 + (-0.01759999999999095 * (0.5799747510223856 + (0.709259269968821 * x_1)))))**2)))))))) - (0.04213210440710711 + (0.1703123687298606 * inv(((((-1.0192268904550836 * inv(((0.02163140914193061 + (0.7913311714080097 * ((0.2165174357325378 + (0.3626875714686538 * x_0)))**3)) + (0.06363140914193062 + (-0.4976474964016306 * (0.2165174357325378 + (0.3626875714686538 * x_0))))))) * (0.09576900568648608 + (55.60149315466034 * inv((-0.00416336037729971 + (-0.08763968846017285 * (0.5799747510223856 + (0.709259269968821 * x_1)))))))) + (0.004987401640661479 + (0.02153471049553542 * (0.2165174357325378 + (0.3626875714686538 * x_0))))) + (0.0033874016406614787 + (2.763934710495535 * (0.2165174357325378 + (0.3626875714686538 * x_0)))))))))
strogatz_vdp1,ok,2,BFGS,-0.0127185831639817,1.6236530725560834,65.0,8.590374946594238,,0.01,((-43.20251892846934 + (-0.44337791561621587 * (-0.6415222350099536 + (1.1042715579288094 * x_0)))) * (0.002485246241613948 + (2.8050664932559113 * inv((-0.006233284229159682 + (79.39982149563983 * inv(((9.87500843307443e-06 + (-1.4254891622425666e-05 * (-0.6415222350099536 + (1.1042715579288094 * x_0)))) * ((-0.09316850054187095 + (0.06544719948950894 * (-0.6415222350099536 + (1.1042715579288094 * x_0)))) * ((0.05047269526753404 + (39.00002021794126 * (-0.6415222350099536 + (1.1042715579288094 * x_0)))) - ((91.50017089237893 + (-49.49995473946512 * inv((-0.026690135024043913 + (-0.22035235798284716 * ((-0.43125847275406204 + (0.8446679511656711 * inv((-0.11877621832993822 + (0.6323526873051531 * (-0.43631478095961607 + (3.6409165496093783 * x_1))))))))**2))))) * (1.0044513318194364 + (0.014150472122804953 * inv((0.03412065261198906 + (-0.0905238426330502 * (-0.43631478095961607 + (3.6409165496093783 * x_1))))))))))))))))))
strogatz_vdp2,ok,2,NoRef,0.9998374190181644,0.001176187995412,36.0,4.978912830352783,,0.01,((-0.062000000000000006 + (-0.096 * (-0.6415222350099536 + (1.1042715579288094 * x_0)))) * (0.9450000000000001 + (0.045000000000000005 * inv((4.14 + (3.92 * inv((0.17500000000000002 + (0.00075 * ((0.00761 + (93.10000000000001 * sin((-0.5 + (0.645 * ((-84.9 + (-0.912 * (-0.43631478095961607 + (3.6409165496093783 * x_1)))))**2))))))**2)))))))))
strogatz_bacres1,ok,2,NoRef,0.9615223233851556,0.4414357998694898,60.0,7.731897115707397,,0.1,((((((-0.09980000000000001 + (-75.3 * (-6.262349407491105 + (0.4541858300590738 * x_0)))) * (0.749 + (0.00344 * inv((-0.0864 + (0.445 * (-6.262349407491105 + (0.4541858300590738 * x_0)))))))) - (-0.75 + (77.0 * (-2.879498286108375 + (0.07514553155101268 * x_1))))) * (0.633 + (0.036000000000000004 * (-6.262349407491105 + (0.4541858300590738 * x_0))))) - (-5.28 + (0.23 * inv((-0.0315 + (0.00688 * sin((-0.0302 + (-8.89 * exp((-0.0921 + (-48.6 * (-2.879498286108375 + (0.07514553155101268 * x_1)))))))))))))) * (0.035 + (0.00528 * arctan((-0.0757 + (-30.5 * (-2.879498286108375 + (0.07514553155101268 * x_1))))))))
strogatz_bacres2,ok,2,NoRef,0.8746173119197956,0.7695703970052409,39.0,5.70281457901001,,0.1,((4.6000000000000005 + (-2.0 * (-2.879498286108375 + (0.07514553155101268 * x_1)))) + ((0.01 + (-0.01 * cos(((-0.01 + (90.0 * (-2.879498286108375 + (0.07514553155101268 * x_1)))) + (0.01 + (-0.01 * (-6.262349407491105 + (0.4541858300590738 * x_0)))))))) * ((0.01 + (90.0 * (-6.262349407491105 + (0.4541858300590738 * x_0)))) + (0.01 + (-50.0 * cos((0.9 + (-90.0 * (-6.262349407491105 + (0.4541858300590738 * x_0))))))))))
strogatz_barmag1,ok,2,NoRef,0.9244835881789126,0.052372880777114,42.0,8.170340538024902,,0.1,(((-0.901 + arctan((-0.046900000000000004 + (-13.749320144176263 + (2.4397466465165905 * x_0))))) * (0.038400000000000004 + (-0.0056099999999999995 * sin((-5.2700000000000005 + (-49.2 * (-0.7763258181607384 + (0.39781013080990546 * x_1)))))))) * (0.0782 + (-0.866 * log((4.14 + (0.921 * (((-9.55 + (-1.3 * inv((-0.09100000000000001 * (-0.7763258181607384 + (0.39781013080990546 * x_1)))))) + (44.9 + (-37.1 * (-13.749320144176263 + (2.4397466465165905 * x_0))))))**2))))))
strogatz_barmag2,ok,2,BFGS,0.1651831873691004,0.226291082338459,53.0,6.7138755321502686,,0.1,((-0.00308 + (0.0478 * inv(((0.10700000000000001 + (-4.36 * exp(((0.00228 + (2.45 * tan((-0.063 + (-0.467 * ((0.806 + (4.21 * (-0.7763258181607384 + (0.39781013080990546 * x_1)))))**2))))) * (-70.7 + (0.00031 * (-0.7763258181607384 + (0.39781013080990546 * x_1)))))))) + (-0.034600000000000006 + (-0.0921 * inv((0.8520000000000001 + (0.78 * inv((-0.869 + (-0.195 * (-13.749320144176263 + (2.4397466465165905 * x_0)))))))))))))) + (-0.00904 + (-0.0020499999999999997 * (-0.7763258181607384 + (0.39781013080990546 * x_1)))))
strogatz_glider1,ok,2,NoRef,0.8565134686988158,0.2784543427078281,49.0,5.344414234161377,,0.1,((-0.248 + (0.8370000000000001 * sin(((-0.0703 + (-6.76 * (-1.8728726161932867 + (0.13763524572636318 * x_1)))) + ((-0.455 + (-0.807 * (-1.8728726161932867 + (0.13763524572636318 * x_1)))) - ((-0.08320000000000001 + (0.00818 * (-2.0479585513057548 + (0.9185478027788039 * x_0)))) * ((-7.69 + (0.0357 * ((0.017400000000000002 * (-2.0479585513057548 + (0.9185478027788039 * x_0))))**2)) + (-0.038500000000000006 + (-0.053000000000000005 * (-2.0479585513057548 + (0.9185478027788039 * x_0))))))))))) - ((-0.0049 + (-0.002 * (-2.0479585513057548 + (0.9185478027788039 * x_0)))) * (-0.48700000000000004 + (-51.4 * (-2.0479585513057548 + (0.9185478027788039 * x_0))))))
strogatz_glider2,ok,2,NoRef,0.534774676616735,0.6530592657207926,37.0,7.378415107727051,,0.1,(1.0 + (0.01 * abs(((90.0 + (99.0 * (-2.0479585513057548 + (0.9185478027788039 * x_0)))) + ((0.1 + (50.0 * sin((0.07 + (0.9 * tan((0.060000000000000005 + (9.9 * (-1.8728726161932867 + (0.13763524572636318 * x_1)))))))))) + (0.01 + (0.4 * ((6.0 + (5.0 * (-2.0479585513057548 + (0.9185478027788039 * x_0)))))**2)))))))
strogatz_lv1,ok,2,NoRef,0.4993465837384369,1.268753037367742,22.0,12.141215801239014,,0.1,((0.001 + (0.001 * (-1.8092302962642817 + (1.2608026657501157 * x_1)))) * (-0.01 + (-0.09000000000000001 * (((-60.0 + (-99.0 * (-0.669488742160413 + (0.8024202405723764 * x_0)))) + (0.001 + (-50.0 * (-1.8092302962642817 + (1.2608026657501157 * x_1))))))**2)))
strogatz_lv2,ok,2,NoRef,-0.6680090230995275,1.5615413360207413,58.0,10.830018758773804,,0.1,((-0.06870000000000001 + (-0.0558 * ((((8.78 + inv((-4.64 + (0.78 * abs(((-0.027600000000000003 + (5.55 * (-0.669488742160413 + (0.8024202405723764 * x_0)))) * (-9.18 + (8.85 * (-1.8092302962642817 + (1.2608026657501157 * x_1)))))))))) * ((7.47 + (6.51 * ((-10.0 + (8.3 * (-0.669488742160413 + (0.8024202405723764 * x_0)))))**2)) - (45.6 + (94.5 * abs((8.46 + (0.001 * (-1.8092302962642817 + (1.2608026657501157 * x_1))))))))) * (0.0098 + (0.0063 * (-1.8092302962642817 + (1.2608026657501157 * x_1))))))**2)) * (0.0019199999999999998 + (-0.0026 * (-1.8092302962642817 + (1.2608026657501157 * x_1)))))
strogatz_predprey1,ok,2,NoRef,0.9010248815412988,0.7394205072990705,59.0,11.529923915863035,,0.1,((-0.00552 + (-0.0067599999999999995 * (-0.7945524687408121 + (0.8507325088617598 * x_0)))) * ((0.006529999999999999 + (89.10000000000001 * cos((0.00681 + (-0.0717 * ((-11.6 + (2.3000000000000003 * (((-1.71 + (0.602 * (-1.88614632091165 + (0.38086615907634147 * x_1)))) + (0.00714 + (-0.00835 * ((((-0.014 * (-1.88614632091165 + (0.38086615907634147 * x_1))) - (0.00831 + (-0.030600000000000002 * (-0.7945524687408121 + (0.8507325088617598 * x_0))))) + (1.6400000000000001 + (0.526 * (-1.88614632091165 + (0.38086615907634147 * x_1))))))**2))))**2)))**2))))) - ((-5.9 + (-0.004 * (-1.88614632091165 + (0.38086615907634147 * x_1)))) * (0.0181 + (39.2 * (-1.88614632091165 + (0.38086615907634147 * x_1)))))))
strogatz_predprey2,ok,2,NoRef,0.9307523497774446,0.4127689268788274,56.0,10.519969463348389,,0.1,((-0.021500000000000002 + (0.17200000000000001 * exp(((-0.051000000000000004 + (-0.233 * (-0.7945524687408121 + (0.8507325088617598 * x_0)))) - (0.09490000000000001 + (-0.030400000000000003 * (-1.88614632091165 + (0.38086615907634147 * x_1)))))))) * ((-0.5870000000000001 + (-9.82 * (-1.88614632091165 + (0.38086615907634147 * x_1)))) - ((0.053500000000000006 + (-14.5 * (-0.7945524687408121 + (0.8507325088617598 * x_0)))) + (0.24400000000000002 + (2.77 * cos((((0.00665 + (-52.1 * ((0.0251 + (-0.00998 * (-1.88614632091165 + (0.38086615907634147 * x_1)))))**3)) - (0.35100000000000003 + (-2.91 * (-1.88614632091165 + (0.38086615907634147 * x_1))))) - (-3.83 + (23.5 * (-0.7945524687408121 + (0.8507325088617598 * x_0)))))))))))
strogatz_shearflow1,ok,2,BFGS,-0.0007062802169246,0.3192562828024678,49.0,10.685996294021606,,0.1,(((0.26041306310147777 + tan((-77.58674982333874 + (0.5799747510223856 + (0.709259269968821 * x_1))))) * (0.47712269201337565 + (7.933389839705007 * exp((-0.1609409724921754 + (-0.9038327305022217 * sqrt((8.421707234340946 + (73.50031133477273 * (((1.4073948887512648 + (-6.634648646594514 * (0.2165174357325378 + (0.3626875714686538 * x_0)))) - (-0.012304888751264738 + (1.4495589031094167 * tan((-29.61859458068898 + (-68.6347776839319 * (0.2165174357325378 + (0.3626875714686538 * x_0)))))))))**2))))))))) * (-0.24607909421093999 + (0.36676148551756643 * exp((-0.5198434179843392 + (0.2240500780506668 * (0.5799747510223856 + (0.709259269968821 * x_1))))))))
strogatz_shearflow2,ok,2,BFGS,0.0030784081268642,0.239877534360913,54.0,6.270500183105469,,0.1,((-0.09314393641044307 + (-69.10001896598008 * sin((-0.024984791686249407 + (0.2165174357325378 + (0.3626875714686538 * x_0)))))) * ((0.012035407684846913 + (0.7429535477769754 * inv((-0.040155902440029395 + (0.2165174357325378 + (0.3626875714686538 * x_0)))))) * (0.0006601220534022215 + (-1.6508677822497466e-05 * arctan(((-2.0300625830556998 + (0.7650198185355226 * ((-0.002515868733333327 + (-95.10000047104423 * inv((-9.900009010765102 + (45.89999708054679 * ((-0.005836167687110305 + (-2.1598109237351504 * (0.5799747510223856 + (0.709259269968821 * x_1)))))**3))))))**3)) * (0.08225317548758403 + (-0.5367471735143959 * tan((1.077735082457709 + (-9.039019855297173 * (0.5799747510223856 + (0.709259269968821 * x_1)))))))))))))
strogatz_vdp1,ok,2,NoRef,0.1208912108905343,1.512760444530014,27.0,7.265144109725952,,0.1,((0.02 + (-0.023000000000000003 * (-0.6415222350099536 + (1.1042715579288094 * x_0)))) * (6.0 + (0.09000000000000001 * (((0.3 + (0.5 * (-0.43631478095961607 + (3.6409165496093783 * x_1)))) * (70.0 + (-0.9 * abs((0.001 + (-63.7 * (-0.6415222350099536 + (1.1042715579288094 * x_0)))))))))**2)))
strogatz_vdp2,ok,2,NoRef,0.989502600842823,0.0094511080265772,74.0,7.503337383270264,,0.1,(((-0.35500000000000004 + sqrt(((79.60000000000001 + (0.0429 * (-0.43631478095961607 + (3.6409165496093783 * x_1)))) + ((-0.549 + (-9.1 * cos(((-2.9 + (-6.24 * ((-0.0019199999999999998 + (63.9 * (-0.6415222350099536 + (1.1042715579288094 * x_0)))))**2)) - (-0.738 + (0.0251 * (-0.43631478095961607 + (3.6409165496093783 * x_1)))))))) * (-2.23 + (0.5 * sin(((10.0 + (-2.39 * (-0.6415222350099536 + (1.1042715579288094 * x_0)))) + (6.4 + (0.008 * (-0.6415222350099536 + (1.1042715579288094 * x_0)))))))))))) * (0.0159 + (-0.046400000000000004 * sqrt((9.07 + (2.49 * sin((0.0507 + (-0.438 * sin((-0.007699999999999999 + (-58.4 * (-0.43631478095961607 + (3.6409165496093783 * x_1)))))))))))))) * (0.0543 + (0.083 * (-0.6415222350099536 + (1.1042715579288094 * x_0)))))
